2BR & 3BR RENT TO OWN Little Baguio Terraces FAST MOVE IN San Juan QC,"PHP 110,143",teph143
Trinity Two Storey House and lot for sale in San Fernando Pampanga Nea,"PHP 2,765,000",michaelcadiz
Rush Sale Pines Peak Tower 1 Studio Unit,"PHP 2,200,000",ilovesale16
"P6,844 per month! 2Bedroom Townhouses For Sale in Tanauan Batangas","PHP 1,499,000",ruthlea
Robinsons SYNC Towers along C5 Pasig near Ortigas CBD,"PHP 5,178,783",cityproperties
Canyon cove hotel voucher for sale,"PHP 2,450",olxph_302539595
3 Bedrooms House and Lot FOR SALE in Citta Italia Molino Cavite,"PHP 10,000,000",jc.cajalne
Farm Lot for sale! Ready title! Applicable for bank financing!,"PHP 3,975,000",property24_543950085
4 Bedrooms 2 Toilet n Bath House and Lot for sale in Trece Martires Ca,"PHP 4,072,361",orly70
Discount!! Green 2 Residences La Salle Condo Cavite Dasmariñas Studio,"PHP 3,399,000",smdcsalesonline
Single Corner Lot Single Attached House and Lot For Sale Inside BFRV,"PHP 11,800,000",ramil_189730508
Studio Type for Rent,"PHP 6,000",lhenovo28
LOT FOR SALE,"PHP 2,200,000",avhyshop
Condo Two Serendra STUDIO Rush For Sale Bonifacio Global City BGC Tagu,"PHP 8,000,000",cross_realty
6Bedrooms House and Lot FOR SALE in portofino heights alabang,"PHP 50,000,000",jc.cajalne
Roxas Blvd Hotel for Sale in Malate Manila,"PHP 3,172,000,000",alistproperties
affordable condo apartment for rent pedro gil sta ana manila near ayal,"PHP 12,500",evarealty.ph09369633665
For Rent Studio Type Fully Furnish Ortigas CBD Citadines Milennium Nea,"PHP 30,000",p24_76191
Ready for Occupancy 4 Bedroom Single Detached Carport,"PHP 4,545,000",orly70
Room For Rent/Bedspace,"PHP 3,000",user_angelo23
Affordable Lot For Sale near Nuvali,"PHP 1,604,896",olxph_78405402
Nice furnished Condo unit for Rent 300 sqm 3 bedrooms Pacific Plaza,"PHP 244,000",alistcondos
2 bedroom apartment with parking,"PHP 17,000",ninanicolas
4br corner house and lot for sale in bf homes paranaque,"PHP 24,800,000",jc.cajalne
2BR & 3BR RENT TO OWN Little Baguio Terraces FAST MOVE IN San Juan QC,"PHP 110,143",teph143
Trinity Two Storey House and lot for sale in San Fernando Pampanga Nea,"PHP 2,765,000",michaelcadiz
Rush Sale Pines Peak Tower 1 Studio Unit,"PHP 2,200,000",ilovesale16
"P6,844 per month! 2Bedroom Townhouses For Sale in Tanauan Batangas","PHP 1,499,000",ruthlea
Robinsons SYNC Towers along C5 Pasig near Ortigas CBD,"PHP 5,178,783",cityproperties
Canyon cove hotel voucher for sale,"PHP 2,450",olxph_302539595
3 Bedrooms House and Lot FOR SALE in Citta Italia Molino Cavite,"PHP 10,000,000",jc.cajalne
Farm Lot for sale! Ready title! Applicable for bank financing!,"PHP 3,975,000",property24_543950085
4 Bedrooms 2 Toilet n Bath House and Lot for sale in Trece Martires Ca,"PHP 4,072,361",orly70
Discount!! Green 2 Residences La Salle Condo Cavite Dasmariñas Studio,"PHP 3,399,000",smdcsalesonline
Single Corner Lot Single Attached House and Lot For Sale Inside BFRV,"PHP 11,800,000",ramil_189730508
Studio Type for Rent,"PHP 6,000",lhenovo28
LOT FOR SALE,"PHP 2,200,000",avhyshop
Condo Two Serendra STUDIO Rush For Sale Bonifacio Global City BGC Tagu,"PHP 8,000,000",cross_realty
6Bedrooms House and Lot FOR SALE in portofino heights alabang,"PHP 50,000,000",jc.cajalne
Roxas Blvd Hotel for Sale in Malate Manila,"PHP 3,172,000,000",alistproperties
affordable condo apartment for rent pedro gil sta ana manila near ayal,"PHP 12,500",evarealty.ph09369633665
For Rent Studio Type Fully Furnish Ortigas CBD Citadines Milennium Nea,"PHP 30,000",p24_76191
Ready for Occupancy 4 Bedroom Single Detached Carport,"PHP 4,545,000",orly70
Room For Rent/Bedspace,"PHP 3,000",user_angelo23
Affordable Lot For Sale near Nuvali,"PHP 1,604,896",olxph_78405402
Nice furnished Condo unit for Rent 300 sqm 3 bedrooms Pacific Plaza,"PHP 244,000",alistcondos
2 bedroom apartment with parking,"PHP 17,000",ninanicolas
4br corner house and lot for sale in bf homes paranaque,"PHP 24,800,000",jc.cajalne
2BR & 3BR RENT TO OWN Little Baguio Terraces FAST MOVE IN San Juan QC,"PHP 110,143",teph143
Trinity Two Storey House and lot for sale in San Fernando Pampanga Nea,"PHP 2,765,000",michaelcadiz
Villa Type House and Lot for sale in Loyola Grand Villas Katipunan Ave,"PHP 105,000,000",greatempirerealty2
Legaspi Village Makati Commercial Building for Sale,"PHP 1,500,000,000",alistproperties
Big Discount - Vacation Hotel Condo Boracay Palawan Bohol Manila,"PHP 2,000",jegat7
Rfo rush 1br-2br with 2% promo discount rent to own condo at pasig kas,"PHP 252,200",kcjavier.empiremegaworld
Farm Lot for sale! Ready title! Applicable for bank financing!,"PHP 3,975,000",property24_543950085
condo apartment for rent free assoc dues in pedro gil st sta ana near,"PHP 10,000",evarealty.ph09369633665
4 Bedrooms 2 Toilet n Bath House and Lot for sale in Trece Martires Ca,"PHP 4,072,361",orly70
Discount!! Green 2 Residences La Salle Condo Cavite Dasmariñas Studio,"PHP 3,399,000",smdcsalesonline
Spacious 4 Bedroom House and Lot for Sale in Imus,"PHP 2,288,280",orly70
4 BR Brand New House and Lot in Portofino Heights alabang,"PHP 35,502,000",jc.cajalne
Commercial Building for Sale Makati Ave.,"PHP 9,500,000,000",alistproperties
3BR House and Lot in Congressional Avenue nr Commonwealth Project 6 nr,"PHP 12,800,000",greatempirerealty2
AFFORDABLE TAGAYTAY STAYCATION @ Wind Residences - CoolStaycation,"PHP 2,000",jndator
Rent to Own Midrise Condominium in Quezon City,"PHP 4,299,000",broker.mmadarang
Roxas Blvd Hotel for Sale in Malate Manila,"PHP 3,172,000,000",alistproperties
nice view pent house 2 bedroom semi furnished condo for rent torre de,"PHP 38,000",evarealty.ph09369633665
Studio type unit good for two person only,"PHP 7,500",lacsonlacson66
"3 Bedroom and 2 Toilet & Bath House and Lot for sale in Bacoor, Cavite","PHP 3,843,636",orly70
Affordable Lot For Sale near Nuvali,"PHP 1,604,896",olxph_78405402
4 Bedrooms House and Lot FOR SALE in portofino heights alabang,"PHP 37,360,000",jc.cajalne
Bedspace Room for Rent for Ladies in Makati,"PHP 2,800",blanketsdorm
Ready for Occupancy 4 Bedroom Single Detached Carport,"PHP 4,545,000",orly70
2BR & 3BR RENT TO OWN Little Baguio Terraces FAST MOVE IN San Juan QC,"PHP 110,143",teph143
Trinity Two Storey House and lot for sale in San Fernando Pampanga Nea,"PHP 2,765,000",michaelcadiz
Rush Sale Pines Peak Tower 1 Studio Unit,"PHP 2,200,000",ilovesale16
"P6,844 per month! 2Bedroom Townhouses For Sale in Tanauan Batangas","PHP 1,499,000",ruthlea
Robinsons SYNC Towers along C5 Pasig near Ortigas CBD,"PHP 5,178,783",cityproperties
Canyon cove hotel voucher for sale,"PHP 2,450",olxph_302539595
3 Bedrooms House and Lot FOR SALE in Citta Italia Molino Cavite,"PHP 10,000,000",jc.cajalne
Farm Lot for sale! Ready title! Applicable for bank financing!,"PHP 3,975,000",property24_543950085
4 Bedrooms 2 Toilet n Bath House and Lot for sale in Trece Martires Ca,"PHP 4,072,361",orly70
Discount!! Green 2 Residences La Salle Condo Cavite Dasmariñas Studio,"PHP 3,399,000",smdcsalesonline
Single Corner Lot Single Attached House and Lot For Sale Inside BFRV,"PHP 11,800,000",ramil_189730508
Studio Type for Rent,"PHP 6,000",lhenovo28
LOT FOR SALE,"PHP 2,200,000",avhyshop
Condo Two Serendra STUDIO Rush For Sale Bonifacio Global City BGC Tagu,"PHP 8,000,000",cross_realty
6Bedrooms House and Lot FOR SALE in portofino heights alabang,"PHP 50,000,000",jc.cajalne
Roxas Blvd Hotel for Sale in Malate Manila,"PHP 3,172,000,000",alistproperties
affordable condo apartment for rent pedro gil sta ana manila near ayal,"PHP 12,500",evarealty.ph09369633665
For Rent Studio Type Fully Furnish Ortigas CBD Citadines Milennium Nea,"PHP 30,000",p24_76191
Ready for Occupancy 4 Bedroom Single Detached Carport,"PHP 4,545,000",orly70
Room For Rent/Bedspace,"PHP 3,000",user_angelo23
Affordable Lot For Sale near Nuvali,"PHP 1,604,896",olxph_78405402
Nice furnished Condo unit for Rent 300 sqm 3 bedrooms Pacific Plaza,"PHP 244,000",alistcondos
2 bedroom apartment with parking,"PHP 17,000",ninanicolas
4br corner house and lot for sale in bf homes paranaque,"PHP 24,800,000",jc.cajalne
2BR & 3BR RENT TO OWN Little Baguio Terraces FAST MOVE IN San Juan QC,"PHP 110,143",teph143
Trinity Two Storey House and lot for sale in San Fernando Pampanga Nea,"PHP 2,765,000",michaelcadiz
Villa Type House and Lot for sale in Loyola Grand Villas Katipunan Ave,"PHP 105,000,000",greatempirerealty2
Legaspi Village Makati Commercial Building for Sale,"PHP 1,500,000,000",alistproperties
Big Discount - Vacation Hotel Condo Boracay Palawan Bohol Manila,"PHP 2,000",jegat7
Rfo rush 1br-2br with 2% promo discount rent to own condo at pasig kas,"PHP 252,200",kcjavier.empiremegaworld
Farm Lot for sale! Ready title! Applicable for bank financing!,"PHP 3,975,000",property24_543950085
condo apartment for rent free assoc dues in pedro gil st sta ana near,"PHP 10,000",evarealty.ph09369633665
4 Bedrooms 2 Toilet n Bath House and Lot for sale in Trece Martires Ca,"PHP 4,072,361",orly70
Discount!! Green 2 Residences La Salle Condo Cavite Dasmariñas Studio,"PHP 3,399,000",smdcsalesonline
Spacious 4 Bedroom House and Lot for Sale in Imus,"PHP 2,288,280",orly70
4 BR Brand New House and Lot in Portofino Heights alabang,"PHP 35,502,000",jc.cajalne
Commercial Building for Sale Makati Ave.,"PHP 9,500,000,000",alistproperties
3BR House and Lot in Congressional Avenue nr Commonwealth Project 6 nr,"PHP 12,800,000",greatempirerealty2
AFFORDABLE TAGAYTAY STAYCATION @ Wind Residences - CoolStaycation,"PHP 2,000",jndator
Rent to Own Midrise Condominium in Quezon City,"PHP 4,299,000",broker.mmadarang
Roxas Blvd Hotel for Sale in Malate Manila,"PHP 3,172,000,000",alistproperties
nice view pent house 2 bedroom semi furnished condo for rent torre de,"PHP 38,000",evarealty.ph09369633665
Studio type unit good for two person only,"PHP 7,500",lacsonlacson66
"3 Bedroom and 2 Toilet & Bath House and Lot for sale in Bacoor, Cavite","PHP 3,843,636",orly70
Affordable Lot For Sale near Nuvali,"PHP 1,604,896",olxph_78405402
4 Bedrooms House and Lot FOR SALE in portofino heights alabang,"PHP 37,360,000",jc.cajalne
Bedspace Room for Rent for Ladies in Makati,"PHP 2,800",blanketsdorm
Ready for Occupancy 4 Bedroom Single Detached Carport,"PHP 4,545,000",orly70
3rd Ave. Fort BGC Commercial Lot for Sale,"PHP 1,900,000,000",alistproperties
Studio Loft Apartment for Rent in Bangkal Makati,"PHP 9,500",olxph_165585341
Newly renovated Penthouse unit for Sale 490 sqm 4BR furnished One Rox,"PHP 170,000,000",alistcondos
2BR & 3BR RENT TO OWN Little Baguio Terraces FAST MOVE IN San Juan QC,"PHP 110,143",teph143
Affordable House and Lot for Sale in Calamba Laguna,"PHP 1,430,100",orly70
1 BR AMAIA Steps Bicutan,"PHP 12,000",mhaimhaiabanilla
4 Bedrooms House and Lot FOR SALE in BF Paranaque,"PHP 28,500,000",jc.cajalne
Nice furnished Condo unit for Rent 300 sqm 3 bedrooms Pacific Plaza,"PHP 244,000",alistcondos
Blue Condo For rent in Katipunan near Ateneo UP Quezon City LRT Cubao,"PHP 19,000",p24_97375
Trinity Two Storey House and lot for sale in San Fernando Pampanga Nea,"PHP 2,765,000",michaelcadiz
Room and bedspace for rent,"PHP 1,600",jologronio
Farm Lot for sale! Ready title! Applicable for bank financing!,"PHP 3,975,000",property24_543950085
1 Bedroom Loft Condo Unit for Sale in Le Grand Tower 2 in Eastwood Que,"PHP 8,000,000",gabyana.realty
Luxurious stylish townhouse sucat paranaque,"PHP 4,280,000",wilhelm18
Discount!! Green 2 Residences La Salle Condo Cavite Dasmariñas Studio,"PHP 3,399,000",smdcsalesonline
House and lot for sale in pio del pilar makati,"PHP 34,560,000",jc.cajalne
2 bedroom apartment with parking,"PHP 17,000",ninanicolas
2BR BRAND NEW Townhouse in MANDALUYONG FOR SALE,"PHP 4,500,000",race_realty
Affordable House and Lot for Sale in Pampanga. 2 Bedroom and 1 Toilet,"PHP 2,565,328",orly70
21st Drive Fort BGC Commercial Lot for Sale,"PHP 1,200,000,000",alistproperties
Swimming Pool House and Lot in Filinvest 2 Batasan Hills near Commonwe,"PHP 39,500,000",greatempirerealty2
Affordable Lot For Sale near Nuvali,"PHP 1,604,896",olxph_78405402
Condo unit for Sale 3 bedrooms 305 sqm nice renovated One Roxas Tria,"PHP 80,000,000",alistcondos
Villa Type House and Lot for sale in Loyola Grand Villas Katipunan Ave,"PHP 105,000,000",greatempirerealty2
2BR & 3BR RENT TO OWN Little Baguio Terraces FAST MOVE IN San Juan QC,"PHP 110,143",teph143
Trinity Two Storey House and lot for sale in San Fernando Pampanga Nea,"PHP 2,765,000",michaelcadiz
Rush Sale Pines Peak Tower 1 Studio Unit,"PHP 2,200,000",ilovesale16
"P6,844 per month! 2Bedroom Townhouses For Sale in Tanauan Batangas","PHP 1,499,000",ruthlea
Robinsons SYNC Towers along C5 Pasig near Ortigas CBD,"PHP 5,178,783",cityproperties
Canyon cove hotel voucher for sale,"PHP 2,450",olxph_302539595
3 Bedrooms House and Lot FOR SALE in Citta Italia Molino Cavite,"PHP 10,000,000",jc.cajalne
Farm Lot for sale! Ready title! Applicable for bank financing!,"PHP 3,975,000",property24_543950085
4 Bedrooms 2 Toilet n Bath House and Lot for sale in Trece Martires Ca,"PHP 4,072,361",orly70
Discount!! Green 2 Residences La Salle Condo Cavite Dasmariñas Studio,"PHP 3,399,000",smdcsalesonline
Single Corner Lot Single Attached House and Lot For Sale Inside BFRV,"PHP 11,800,000",ramil_189730508
Studio Type for Rent,"PHP 6,000",lhenovo28
LOT FOR SALE,"PHP 2,200,000",avhyshop
Condo Two Serendra STUDIO Rush For Sale Bonifacio Global City BGC Tagu,"PHP 8,000,000",cross_realty
6Bedrooms House and Lot FOR SALE in portofino heights alabang,"PHP 50,000,000",jc.cajalne
Roxas Blvd Hotel for Sale in Malate Manila,"PHP 3,172,000,000",alistproperties
affordable condo apartment for rent pedro gil sta ana manila near ayal,"PHP 12,500",evarealty.ph09369633665
For Rent Studio Type Fully Furnish Ortigas CBD Citadines Milennium Nea,"PHP 30,000",p24_76191
Ready for Occupancy 4 Bedroom Single Detached Carport,"PHP 4,545,000",orly70
Room For Rent/Bedspace,"PHP 3,000",user_angelo23
Affordable Lot For Sale near Nuvali,"PHP 1,604,896",olxph_78405402
Nice furnished Condo unit for Rent 300 sqm 3 bedrooms Pacific Plaza,"PHP 244,000",alistcondos
2 bedroom apartment with parking,"PHP 17,000",ninanicolas
4br corner house and lot for sale in bf homes paranaque,"PHP 24,800,000",jc.cajalne
2BR & 3BR RENT TO OWN Little Baguio Terraces FAST MOVE IN San Juan QC,"PHP 110,143",teph143
Trinity Two Storey House and lot for sale in San Fernando Pampanga Nea,"PHP 2,765,000",michaelcadiz
Villa Type House and Lot for sale in Loyola Grand Villas Katipunan Ave,"PHP 105,000,000",greatempirerealty2
Legaspi Village Makati Commercial Building for Sale,"PHP 1,500,000,000",alistproperties
Big Discount - Vacation Hotel Condo Boracay Palawan Bohol Manila,"PHP 2,000",jegat7
Rfo rush 1br-2br with 2% promo discount rent to own condo at pasig kas,"PHP 252,200",kcjavier.empiremegaworld
Farm Lot for sale! Ready title! Applicable for bank financing!,"PHP 3,975,000",property24_543950085
condo apartment for rent free assoc dues in pedro gil st sta ana near,"PHP 10,000",evarealty.ph09369633665
4 Bedrooms 2 Toilet n Bath House and Lot for sale in Trece Martires Ca,"PHP 4,072,361",orly70
Discount!! Green 2 Residences La Salle Condo Cavite Dasmariñas Studio,"PHP 3,399,000",smdcsalesonline
Spacious 4 Bedroom House and Lot for Sale in Imus,"PHP 2,288,280",orly70
4 BR Brand New House and Lot in Portofino Heights alabang,"PHP 35,502,000",jc.cajalne
Commercial Building for Sale Makati Ave.,"PHP 9,500,000,000",alistproperties
3BR House and Lot in Congressional Avenue nr Commonwealth Project 6 nr,"PHP 12,800,000",greatempirerealty2
AFFORDABLE TAGAYTAY STAYCATION @ Wind Residences - CoolStaycation,"PHP 2,000",jndator
Rent to Own Midrise Condominium in Quezon City,"PHP 4,299,000",broker.mmadarang
Roxas Blvd Hotel for Sale in Malate Manila,"PHP 3,172,000,000",alistproperties
nice view pent house 2 bedroom semi furnished condo for rent torre de,"PHP 38,000",evarealty.ph09369633665
Studio type unit good for two person only,"PHP 7,500",lacsonlacson66
"3 Bedroom and 2 Toilet & Bath House and Lot for sale in Bacoor, Cavite","PHP 3,843,636",orly70
Affordable Lot For Sale near Nuvali,"PHP 1,604,896",olxph_78405402
4 Bedrooms House and Lot FOR SALE in portofino heights alabang,"PHP 37,360,000",jc.cajalne
Bedspace Room for Rent for Ladies in Makati,"PHP 2,800",blanketsdorm
Ready for Occupancy 4 Bedroom Single Detached Carport,"PHP 4,545,000",orly70
3rd Ave. Fort BGC Commercial Lot for Sale,"PHP 1,900,000,000",alistproperties
Studio Loft Apartment for Rent in Bangkal Makati,"PHP 9,500",olxph_165585341
Newly renovated Penthouse unit for Sale 490 sqm 4BR furnished One Rox,"PHP 170,000,000",alistcondos
2BR & 3BR RENT TO OWN Little Baguio Terraces FAST MOVE IN San Juan QC,"PHP 110,143",teph143
Affordable House and Lot for Sale in Calamba Laguna,"PHP 1,430,100",orly70
1 BR AMAIA Steps Bicutan,"PHP 12,000",mhaimhaiabanilla
4 Bedrooms House and Lot FOR SALE in BF Paranaque,"PHP 28,500,000",jc.cajalne
Nice furnished Condo unit for Rent 300 sqm 3 bedrooms Pacific Plaza,"PHP 244,000",alistcondos
Blue Condo For rent in Katipunan near Ateneo UP Quezon City LRT Cubao,"PHP 19,000",p24_97375
Trinity Two Storey House and lot for sale in San Fernando Pampanga Nea,"PHP 2,765,000",michaelcadiz
Room and bedspace for rent,"PHP 1,600",jologronio
Farm Lot for sale! Ready title! Applicable for bank financing!,"PHP 3,975,000",property24_543950085
1 Bedroom Loft Condo Unit for Sale in Le Grand Tower 2 in Eastwood Que,"PHP 8,000,000",gabyana.realty
Luxurious stylish townhouse sucat paranaque,"PHP 4,280,000",wilhelm18
Discount!! Green 2 Residences La Salle Condo Cavite Dasmariñas Studio,"PHP 3,399,000",smdcsalesonline
House and lot for sale in pio del pilar makati,"PHP 34,560,000",jc.cajalne
2 bedroom apartment with parking,"PHP 17,000",ninanicolas
2BR BRAND NEW Townhouse in MANDALUYONG FOR SALE,"PHP 4,500,000",race_realty
Affordable House and Lot for Sale in Pampanga. 2 Bedroom and 1 Toilet,"PHP 2,565,328",orly70
21st Drive Fort BGC Commercial Lot for Sale,"PHP 1,200,000,000",alistproperties
Swimming Pool House and Lot in Filinvest 2 Batasan Hills near Commonwe,"PHP 39,500,000",greatempirerealty2
Affordable Lot For Sale near Nuvali,"PHP 1,604,896",olxph_78405402
Condo unit for Sale 3 bedrooms 305 sqm nice renovated One Roxas Tria,"PHP 80,000,000",alistcondos
Villa Type House and Lot for sale in Loyola Grand Villas Katipunan Ave,"PHP 105,000,000",greatempirerealty2
3 Bedrooms House and Lot FOR SALE in Citta Italia Molino CAvite,"PHP 7,850,000",jc.cajalne
3 Bedroom 2 Toilet & Bath Modern Asian Themed House and Lot in Silang,"PHP 4,278,736",orly70
4BR House and Lot in Filinvest 1 Batasan Hills near Commonwealth UP Di,"PHP 39,500,000",greatempirerealty2
2BR & 3BR RENT TO OWN Little Baguio Terraces FAST MOVE IN San Juan QC,"PHP 110,143",teph143
"Commercial Lot for Sale in Manila Bay Mall of Asia Area, Pasay City","PHP 2,200,000,000",alistproperties
Beach front lot for sale in aurora,"PHP 1,000,000",olxph_359668606
2 bed room condominium for sale at Hampton Garden Pasig City,"PHP 2,900,000",nesia.vicencio
Legaspi Village Makati Commercial Building for Sale,"PHP 1,500,000,000",alistproperties
BINAN House and Lot for Sale,"PHP 1,830,000",maribelmanalastas
Trinity Two Storey House and lot for sale in San Fernando Pampanga Nea,"PHP 2,765,000",michaelcadiz
Bed space in Ortigas,"PHP 4,500",twinklemellie
Rush Sale House & Lot/ Bungalow,"PHP 8,000,000",reyaguila
RUSH RESALE Veraville Greenlane in Las Pinas,"PHP 2,500,000",jc.cajalne
"Single Attached House and Lot for Sale 3 Bedroom in Trece Martires, Ca","PHP 1,870,000",orlypenalosa
Discount!! Green 2 Residences La Salle Condo Cavite Dasmariñas Studio,"PHP 3,399,000",smdcsalesonline
Swimming Pool House and Lot in Filinvest 2 Batasan Hills near Commonwe,"PHP 35,000,000",greatempirerealty2
Rfo rush 1br-2br with 2% promo discount rent to own condo at pasig kas,"PHP 252,200",kcjavier.empiremegaworld
Ready to Move In Antipolo House and Lot for Sale in Antipolo Near Cain,"PHP 3,500,000",rcdelacruz_licensedbroker
3 bedrooms 310 sqm newly renovated Condo unit for Rent One Roxas Tria,"PHP 254,000",alistcondos
Bedspace Condo Sharing Room Rent Near Ayala Makati Guadalupe BGC Fort,"PHP 5,000",olxph_278135514
House and Lot in Calamba,"PHP 1,850,000",p24_10806
Affordable Lot For Sale near Nuvali,"PHP 1,604,896",olxph_78405402
Lot FOR SALE in Tagaytay,"PHP 3,000,000",jc.cajalne
Farm Lot for sale! Ready title! Applicable for bank financing!,"PHP 3,975,000",property24_543950085
2BR & 3BR RENT TO OWN Little Baguio Terraces FAST MOVE IN San Juan QC,"PHP 110,143",teph143
Trinity Two Storey House and lot for sale in San Fernando Pampanga Nea,"PHP 2,765,000",michaelcadiz
Rush Sale Pines Peak Tower 1 Studio Unit,"PHP 2,200,000",ilovesale16
"P6,844 per month! 2Bedroom Townhouses For Sale in Tanauan Batangas","PHP 1,499,000",ruthlea
Robinsons SYNC Towers along C5 Pasig near Ortigas CBD,"PHP 5,178,783",cityproperties
Canyon cove hotel voucher for sale,"PHP 2,450",olxph_302539595
3 Bedrooms House and Lot FOR SALE in Citta Italia Molino Cavite,"PHP 10,000,000",jc.cajalne
Farm Lot for sale! Ready title! Applicable for bank financing!,"PHP 3,975,000",property24_543950085
4 Bedrooms 2 Toilet n Bath House and Lot for sale in Trece Martires Ca,"PHP 4,072,361",orly70
Discount!! Green 2 Residences La Salle Condo Cavite Dasmariñas Studio,"PHP 3,399,000",smdcsalesonline
Single Corner Lot Single Attached House and Lot For Sale Inside BFRV,"PHP 11,800,000",ramil_189730508
Studio Type for Rent,"PHP 6,000",lhenovo28
LOT FOR SALE,"PHP 2,200,000",avhyshop
Condo Two Serendra STUDIO Rush For Sale Bonifacio Global City BGC Tagu,"PHP 8,000,000",cross_realty
6Bedrooms House and Lot FOR SALE in portofino heights alabang,"PHP 50,000,000",jc.cajalne
Roxas Blvd Hotel for Sale in Malate Manila,"PHP 3,172,000,000",alistproperties
affordable condo apartment for rent pedro gil sta ana manila near ayal,"PHP 12,500",evarealty.ph09369633665
For Rent Studio Type Fully Furnish Ortigas CBD Citadines Milennium Nea,"PHP 30,000",p24_76191
Ready for Occupancy 4 Bedroom Single Detached Carport,"PHP 4,545,000",orly70
Room For Rent/Bedspace,"PHP 3,000",user_angelo23
Affordable Lot For Sale near Nuvali,"PHP 1,604,896",olxph_78405402
Nice furnished Condo unit for Rent 300 sqm 3 bedrooms Pacific Plaza,"PHP 244,000",alistcondos
2 bedroom apartment with parking,"PHP 17,000",ninanicolas
4br corner house and lot for sale in bf homes paranaque,"PHP 24,800,000",jc.cajalne
2BR & 3BR RENT TO OWN Little Baguio Terraces FAST MOVE IN San Juan QC,"PHP 110,143",teph143
Trinity Two Storey House and lot for sale in San Fernando Pampanga Nea,"PHP 2,765,000",michaelcadiz
Villa Type House and Lot for sale in Loyola Grand Villas Katipunan Ave,"PHP 105,000,000",greatempirerealty2
Legaspi Village Makati Commercial Building for Sale,"PHP 1,500,000,000",alistproperties
Big Discount - Vacation Hotel Condo Boracay Palawan Bohol Manila,"PHP 2,000",jegat7
Rfo rush 1br-2br with 2% promo discount rent to own condo at pasig kas,"PHP 252,200",kcjavier.empiremegaworld
Farm Lot for sale! Ready title! Applicable for bank financing!,"PHP 3,975,000",property24_543950085
condo apartment for rent free assoc dues in pedro gil st sta ana near,"PHP 10,000",evarealty.ph09369633665
4 Bedrooms 2 Toilet n Bath House and Lot for sale in Trece Martires Ca,"PHP 4,072,361",orly70
Discount!! Green 2 Residences La Salle Condo Cavite Dasmariñas Studio,"PHP 3,399,000",smdcsalesonline
Spacious 4 Bedroom House and Lot for Sale in Imus,"PHP 2,288,280",orly70
4 BR Brand New House and Lot in Portofino Heights alabang,"PHP 35,502,000",jc.cajalne
Commercial Building for Sale Makati Ave.,"PHP 9,500,000,000",alistproperties
3BR House and Lot in Congressional Avenue nr Commonwealth Project 6 nr,"PHP 12,800,000",greatempirerealty2
AFFORDABLE TAGAYTAY STAYCATION @ Wind Residences - CoolStaycation,"PHP 2,000",jndator
Rent to Own Midrise Condominium in Quezon City,"PHP 4,299,000",broker.mmadarang
Roxas Blvd Hotel for Sale in Malate Manila,"PHP 3,172,000,000",alistproperties
nice view pent house 2 bedroom semi furnished condo for rent torre de,"PHP 38,000",evarealty.ph09369633665
Studio type unit good for two person only,"PHP 7,500",lacsonlacson66
"3 Bedroom and 2 Toilet & Bath House and Lot for sale in Bacoor, Cavite","PHP 3,843,636",orly70
Affordable Lot For Sale near Nuvali,"PHP 1,604,896",olxph_78405402
4 Bedrooms House and Lot FOR SALE in portofino heights alabang,"PHP 37,360,000",jc.cajalne
Bedspace Room for Rent for Ladies in Makati,"PHP 2,800",blanketsdorm
Ready for Occupancy 4 Bedroom Single Detached Carport,"PHP 4,545,000",orly70
3rd Ave. Fort BGC Commercial Lot for Sale,"PHP 1,900,000,000",alistproperties
Studio Loft Apartment for Rent in Bangkal Makati,"PHP 9,500",olxph_165585341
Newly renovated Penthouse unit for Sale 490 sqm 4BR furnished One Rox,"PHP 170,000,000",alistcondos
2BR & 3BR RENT TO OWN Little Baguio Terraces FAST MOVE IN San Juan QC,"PHP 110,143",teph143
Affordable House and Lot for Sale in Calamba Laguna,"PHP 1,430,100",orly70
1 BR AMAIA Steps Bicutan,"PHP 12,000",mhaimhaiabanilla
4 Bedrooms House and Lot FOR SALE in BF Paranaque,"PHP 28,500,000",jc.cajalne
Nice furnished Condo unit for Rent 300 sqm 3 bedrooms Pacific Plaza,"PHP 244,000",alistcondos
Blue Condo For rent in Katipunan near Ateneo UP Quezon City LRT Cubao,"PHP 19,000",p24_97375
Trinity Two Storey House and lot for sale in San Fernando Pampanga Nea,"PHP 2,765,000",michaelcadiz
Room and bedspace for rent,"PHP 1,600",jologronio
Farm Lot for sale! Ready title! Applicable for bank financing!,"PHP 3,975,000",property24_543950085
1 Bedroom Loft Condo Unit for Sale in Le Grand Tower 2 in Eastwood Que,"PHP 8,000,000",gabyana.realty
Luxurious stylish townhouse sucat paranaque,"PHP 4,280,000",wilhelm18
Discount!! Green 2 Residences La Salle Condo Cavite Dasmariñas Studio,"PHP 3,399,000",smdcsalesonline
House and lot for sale in pio del pilar makati,"PHP 34,560,000",jc.cajalne
2 bedroom apartment with parking,"PHP 17,000",ninanicolas
2BR BRAND NEW Townhouse in MANDALUYONG FOR SALE,"PHP 4,500,000",race_realty
Affordable House and Lot for Sale in Pampanga. 2 Bedroom and 1 Toilet,"PHP 2,565,328",orly70
21st Drive Fort BGC Commercial Lot for Sale,"PHP 1,200,000,000",alistproperties
Swimming Pool House and Lot in Filinvest 2 Batasan Hills near Commonwe,"PHP 39,500,000",greatempirerealty2
Affordable Lot For Sale near Nuvali,"PHP 1,604,896",olxph_78405402
Condo unit for Sale 3 bedrooms 305 sqm nice renovated One Roxas Tria,"PHP 80,000,000",alistcondos
Villa Type House and Lot for sale in Loyola Grand Villas Katipunan Ave,"PHP 105,000,000",greatempirerealty2
3 Bedrooms House and Lot FOR SALE in Citta Italia Molino CAvite,"PHP 7,850,000",jc.cajalne
3 Bedroom 2 Toilet & Bath Modern Asian Themed House and Lot in Silang,"PHP 4,278,736",orly70
4BR House and Lot in Filinvest 1 Batasan Hills near Commonwealth UP Di,"PHP 39,500,000",greatempirerealty2
2BR & 3BR RENT TO OWN Little Baguio Terraces FAST MOVE IN San Juan QC,"PHP 110,143",teph143
"Commercial Lot for Sale in Manila Bay Mall of Asia Area, Pasay City","PHP 2,200,000,000",alistproperties
Beach front lot for sale in aurora,"PHP 1,000,000",olxph_359668606
2 bed room condominium for sale at Hampton Garden Pasig City,"PHP 2,900,000",nesia.vicencio
Legaspi Village Makati Commercial Building for Sale,"PHP 1,500,000,000",alistproperties
BINAN House and Lot for Sale,"PHP 1,830,000",maribelmanalastas
Trinity Two Storey House and lot for sale in San Fernando Pampanga Nea,"PHP 2,765,000",michaelcadiz
Bed space in Ortigas,"PHP 4,500",twinklemellie
Rush Sale House & Lot/ Bungalow,"PHP 8,000,000",reyaguila
RUSH RESALE Veraville Greenlane in Las Pinas,"PHP 2,500,000",jc.cajalne
"Single Attached House and Lot for Sale 3 Bedroom in Trece Martires, Ca","PHP 1,870,000",orlypenalosa
Discount!! Green 2 Residences La Salle Condo Cavite Dasmariñas Studio,"PHP 3,399,000",smdcsalesonline
Swimming Pool House and Lot in Filinvest 2 Batasan Hills near Commonwe,"PHP 35,000,000",greatempirerealty2
Rfo rush 1br-2br with 2% promo discount rent to own condo at pasig kas,"PHP 252,200",kcjavier.empiremegaworld
Ready to Move In Antipolo House and Lot for Sale in Antipolo Near Cain,"PHP 3,500,000",rcdelacruz_licensedbroker
3 bedrooms 310 sqm newly renovated Condo unit for Rent One Roxas Tria,"PHP 254,000",alistcondos
Bedspace Condo Sharing Room Rent Near Ayala Makati Guadalupe BGC Fort,"PHP 5,000",olxph_278135514
House and Lot in Calamba,"PHP 1,850,000",p24_10806
Affordable Lot For Sale near Nuvali,"PHP 1,604,896",olxph_78405402
Lot FOR SALE in Tagaytay,"PHP 3,000,000",jc.cajalne
Farm Lot for sale! Ready title! Applicable for bank financing!,"PHP 3,975,000",property24_543950085
243sqm Vacant lot for Sale,"PHP 13,000",amrlim
Swimming Pool House and Lot in Filinvest 2 Batasan Hills near Commonwe,"PHP 30,000,000",greatempirerealty2
"Complete Amenities Community. House and Lot for sale in Bacoor, Cavite","PHP 6,334,101",orlypenalosa
2BR & 3BR RENT TO OWN Little Baguio Terraces FAST MOVE IN San Juan QC,"PHP 110,143",teph143
Invest for a House & Lot @ Camella Lipa,"PHP 1,300,000",leonsaaj45
Farm Lot for sale! Ready title! Applicable for bank financing!,"PHP 3,975,000",property24_543950085
Pasig 3-bedroom townhouses,"PHP 5,200,000",velrea
Spacious 4 Bedroom House and Lot for Sale in Imus,"PHP 2,288,280",orly70
4BR House and Lot in Filinvest 2 Batasan Hills near Commonwealth UP Di,"PHP 17,000,000",greatempirerealty2
Trinity Two Storey House and lot for sale in San Fernando Pampanga Nea,"PHP 2,765,000",michaelcadiz
BedSpace for Rent good as Apartment studio type in Pembo Makati,"PHP 3,500",roxas.jeraldbryan
"Single Attached 3 Bedroom, 2 Toilet and Bath House and Lot for Sale ea","PHP 3,482,320",orlypenalosa
Sale 2BR wh Balcony LE GRAN CONDO TOWER in GREENHILLS SJ beside MALL,"PHP 4,500,000",olxph_203248011
Sale PENTHOUSE 4BR KINGSWOOD MAKATI TOWER wh 2 Parkings,"PHP 17,000,000",olxph_203248011
Discount!! Green 2 Residences La Salle Condo Cavite Dasmariñas Studio,"PHP 3,399,000",smdcsalesonline
Ready for occupancy via mcx daanghari,"PHP 7,518,860",adonistudels
Commercial Building for Sale Makati Ave.,"PHP 9,500,000,000",alistproperties
The Lot for Sale in Tagaytay Southridge,"PHP 4,958,000",moniqfestin
3 storey single detached House & Lot in Talamban,"PHP 16,000,000",fel21408
295 sqm 3 bedrooms Condo unit for Rent newly renovated One Roxas Tria,"PHP 224,000",alistcondos
House and Lot for sale in Muntinlupa,"PHP 5,900,000",p24_73146
Affordable Lot For Sale near Nuvali,"PHP 1,604,896",olxph_78405402
House and Lot for sale in antipolo two access sumulong ortigas ave ext,"PHP 4,520,000",markyty0121
3BR House and Lot in Congressional Avenue nr Commonwealth Project 6 nr,"PHP 12,800,000",greatempirerealty2
