1k MILEAGE | 2019 CHEVROLET COLORADO LT 2.8 AT DIESEL,"PHP 908,000",nashumali,Used
2018 SUZUKI SUPER CARRY Manual White,"PHP 450,000",autoboutique,Used
Honda City,"PHP 350,000",jackiebueza,Used
2018 Toyota Vios E automatic NEWLOOK 7tkm very fresh,"PHP 568,000",marklegaspi,Used
Mitsubishi Montero Sport GLS,"PHP 650,000",jenny1290,Used
Chevrolet Tahoe LTZ not a Suburban Pajero Land Cruiser Patrol Expedition,"PHP 980,000",111sale,Used
toyota vios 2013,"PHP 325,000",olxph_766362704,Used
Ford F Series,"PHP 180,000",kiara_14,Used
Honda City,"PHP 360,000",docaj,Used
2018 Toyota Vios J Manual transmission *44,"PHP 485,000",may_toyotacars1223,Used
2018 Toyota FJ Cruiser 4x4 Automatic 7tkms Good Cars Cars,"PHP 1,770,000",goodcars123,Used
Toyota Avanza,"PHP 450,000",interciti.cagayan,Used
2016 Toyota Hiace Commuter Manual Diesel RARE CARS,"PHP 960,000",olxph_334352265,Used
Mitsubishi Montero Sport,"PHP 670,000",shellagarcia,Used
Rush 2013 Mitsubishi Montero Sport GLS-V 2.5 CRDI AT,"PHP 599,000",bencha_bencha,Used
Chevrolet Colorado,"PHP 900,000",diogago13,Used
2015 honda city vx automatic transmission,"PHP 480,000",suresh_21,Used
Honda City,"PHP 418,000",aprilgay13,Used
2018 Toyota Wigo G A/T,"PHP 408,000",pvmercadocartrading,Used
Suzuki Multicab Long Body FB Type 8 Seater By 4Wheels Motors Best Deal,"PHP 250,000",fourwheelsmotorsmulticabtrucks,Used
2018 Toyota Yaris 1.3 E Manual Transmission,"PHP 615,000",fatiesimbe,Used
Rush 2011 Mitsubishi Montero 25 CRDI GLS 5 Speed AT,"PHP 549,000",bencha_bencha,Used
Mitsubishi Adventure,"PHP 210,000",aiverick18,Used
Mitsubishi Montero Sport,"PHP 720,000",amieamul,Used
1k MILEAGE | 2019 CHEVROLET COLORADO LT 2.8 AT DIESEL,"PHP 908,000",nashumali,Used
2018 SUZUKI SUPER CARRY Manual White,"PHP 450,000",autoboutique,Used
Honda City,"PHP 350,000",jackiebueza,Used
2018 Toyota Vios E automatic NEWLOOK 7tkm very fresh,"PHP 568,000",marklegaspi,Used
Mitsubishi Montero Sport GLS,"PHP 650,000",jenny1290,Used
Chevrolet Tahoe LTZ not a Suburban Pajero Land Cruiser Patrol Expedition,"PHP 980,000",111sale,Used
toyota vios 2013,"PHP 325,000",olxph_766362704,Used
Ford F Series,"PHP 180,000",kiara_14,Used
Honda City,"PHP 360,000",docaj,Used
2018 Toyota Vios J Manual transmission *44,"PHP 485,000",may_toyotacars1223,Used
2018 Toyota FJ Cruiser 4x4 Automatic 7tkms Good Cars Cars,"PHP 1,770,000",goodcars123,Used
Toyota Avanza,"PHP 450,000",interciti.cagayan,Used
2016 Toyota Hiace Commuter Manual Diesel RARE CARS,"PHP 960,000",olxph_334352265,Used
Mitsubishi Montero Sport,"PHP 670,000",shellagarcia,Used
Rush 2013 Mitsubishi Montero Sport GLS-V 2.5 CRDI AT,"PHP 599,000",bencha_bencha,Used
Chevrolet Colorado,"PHP 900,000",diogago13,Used
2015 honda city vx automatic transmission,"PHP 480,000",suresh_21,Used
Honda City,"PHP 418,000",aprilgay13,Used
2018 Toyota Wigo G A/T,"PHP 408,000",pvmercadocartrading,Used
Suzuki Multicab Long Body FB Type 8 Seater By 4Wheels Motors Best Deal,"PHP 250,000",fourwheelsmotorsmulticabtrucks,Used
2018 Toyota Yaris 1.3 E Manual Transmission,"PHP 615,000",fatiesimbe,Used
Rush 2011 Mitsubishi Montero 25 CRDI GLS 5 Speed AT,"PHP 549,000",bencha_bencha,Used
Mitsubishi Adventure,"PHP 210,000",aiverick18,Used
Mitsubishi Montero Sport,"PHP 720,000",amieamul,Used
1k MILEAGE | 2019 CHEVROLET COLORADO LT 2.8 AT DIESEL,"PHP 908,000",nashumali,Used
2018 SUZUKI SUPER CARRY Manual White,"PHP 450,000",autoboutique,Used
2009 Toyota Fortuner G Automatic Diesel Good Cars Trading,"PHP 690,000",goodcars123,Used
Kia Carens,"PHP 530,000",gct88,Used
2015 Toyota Vios 1.3 E A/t,"PHP 430,000",msvtengco,Used
2003 Ford Escape 4x4 Automatic Fresh in and out Good Cars Trading,"PHP 250,000",goodcars123,Used
Mitsubishi Montero Sport 2009 GLS AT,"PHP 525,000",jayvidal,Used
2015 Kia Picanto EX Automatic 30tkms Good Cars Trading,"PHP 345,000",goodcars123,Used
2016 Toyota Hiace Commuter Manual Diesel RARE CARS,"PHP 960,000",olxph_334352265,Used
2018 Toyota Vios J Manual transmission *44,"PHP 485,000",may_toyotacars1223,Used
Ford Ecosport,"PHP 550,000",goodcars123,Used
Ford Ecosport,"PHP 620,000",goodcars123,Used
2011 Hyundai Santa Fe Automatic Diesel Good Cars Trading,"PHP 550,000",goodcars123,Used
Toyota Vios,"PHP 420,000",ennailacad,Used
Toyota Fortuner,"PHP 695,000",goodcars123,Used
2019 Innova 2.8 Touring Sport,"PHP 1,085,000",09176750603.neilcars88,Used
Rush 2013 Mitsubishi Montero Sport GLS-V 2.5 CRDI AT,"PHP 599,000",bencha_bencha,Used
Toyota Innova,"PHP 970,000",goodcars123,Used
Mitsubishi,"PHP 318,000",ryutaro_002,Used
Mitsubishi Adventure,"PHP 170,000",cabarlerenzo,Used
2018 Toyota Yaris 1.3 E Manual Transmission,"PHP 615,000",fatiesimbe,Used
Honda Jazz,"PHP 420,000",goodcars123,Used
PHP 125k DP!!! 2013 Honda City 1.5E Automatic Gas,"PHP 418,000",stephenq.allcarsmanila,Used
2015 honda city vx automatic transmission,"PHP 480,000",suresh_21,Used
1k MILEAGE | 2019 CHEVROLET COLORADO LT 2.8 AT DIESEL,"PHP 908,000",nashumali,Used
2018 SUZUKI SUPER CARRY Manual White,"PHP 450,000",autoboutique,Used
Honda City,"PHP 350,000",jackiebueza,Used
2018 Toyota Vios E automatic NEWLOOK 7tkm very fresh,"PHP 568,000",marklegaspi,Used
Mitsubishi Montero Sport GLS,"PHP 650,000",jenny1290,Used
Chevrolet Tahoe LTZ not a Suburban Pajero Land Cruiser Patrol Expedition,"PHP 980,000",111sale,Used
toyota vios 2013,"PHP 325,000",olxph_766362704,Used
Ford F Series,"PHP 180,000",kiara_14,Used
Honda City,"PHP 360,000",docaj,Used
2018 Toyota Vios J Manual transmission *44,"PHP 485,000",may_toyotacars1223,Used
2018 Toyota FJ Cruiser 4x4 Automatic 7tkms Good Cars Cars,"PHP 1,770,000",goodcars123,Used
Toyota Avanza,"PHP 450,000",interciti.cagayan,Used
2016 Toyota Hiace Commuter Manual Diesel RARE CARS,"PHP 960,000",olxph_334352265,Used
Mitsubishi Montero Sport,"PHP 670,000",shellagarcia,Used
Rush 2013 Mitsubishi Montero Sport GLS-V 2.5 CRDI AT,"PHP 599,000",bencha_bencha,Used
Chevrolet Colorado,"PHP 900,000",diogago13,Used
2015 honda city vx automatic transmission,"PHP 480,000",suresh_21,Used
Honda City,"PHP 418,000",aprilgay13,Used
2018 Toyota Wigo G A/T,"PHP 408,000",pvmercadocartrading,Used
Suzuki Multicab Long Body FB Type 8 Seater By 4Wheels Motors Best Deal,"PHP 250,000",fourwheelsmotorsmulticabtrucks,Used
2018 Toyota Yaris 1.3 E Manual Transmission,"PHP 615,000",fatiesimbe,Used
Rush 2011 Mitsubishi Montero 25 CRDI GLS 5 Speed AT,"PHP 549,000",bencha_bencha,Used
Mitsubishi Adventure,"PHP 210,000",aiverick18,Used
Mitsubishi Montero Sport,"PHP 720,000",amieamul,Used
1k MILEAGE | 2019 CHEVROLET COLORADO LT 2.8 AT DIESEL,"PHP 908,000",nashumali,Used
2018 SUZUKI SUPER CARRY Manual White,"PHP 450,000",autoboutique,Used
2009 Toyota Fortuner G Automatic Diesel Good Cars Trading,"PHP 690,000",goodcars123,Used
Kia Carens,"PHP 530,000",gct88,Used
2015 Toyota Vios 1.3 E A/t,"PHP 430,000",msvtengco,Used
2003 Ford Escape 4x4 Automatic Fresh in and out Good Cars Trading,"PHP 250,000",goodcars123,Used
Mitsubishi Montero Sport 2009 GLS AT,"PHP 525,000",jayvidal,Used
2015 Kia Picanto EX Automatic 30tkms Good Cars Trading,"PHP 345,000",goodcars123,Used
2016 Toyota Hiace Commuter Manual Diesel RARE CARS,"PHP 960,000",olxph_334352265,Used
2018 Toyota Vios J Manual transmission *44,"PHP 485,000",may_toyotacars1223,Used
Ford Ecosport,"PHP 550,000",goodcars123,Used
Ford Ecosport,"PHP 620,000",goodcars123,Used
2011 Hyundai Santa Fe Automatic Diesel Good Cars Trading,"PHP 550,000",goodcars123,Used
Toyota Vios,"PHP 420,000",ennailacad,Used
Toyota Fortuner,"PHP 695,000",goodcars123,Used
2019 Innova 2.8 Touring Sport,"PHP 1,085,000",09176750603.neilcars88,Used
Rush 2013 Mitsubishi Montero Sport GLS-V 2.5 CRDI AT,"PHP 599,000",bencha_bencha,Used
Toyota Innova,"PHP 970,000",goodcars123,Used
Mitsubishi,"PHP 318,000",ryutaro_002,Used
Mitsubishi Adventure,"PHP 170,000",cabarlerenzo,Used
2018 Toyota Yaris 1.3 E Manual Transmission,"PHP 615,000",fatiesimbe,Used
Honda Jazz,"PHP 420,000",goodcars123,Used
PHP 125k DP!!! 2013 Honda City 1.5E Automatic Gas,"PHP 418,000",stephenq.allcarsmanila,Used
2015 honda city vx automatic transmission,"PHP 480,000",suresh_21,Used
2011 BMW 118D 30tkms! Automatic Diesel Push start Good Cars Trading,"PHP 848,000",goodcars123,Used
1997 Mitsubishi L300 fb 45tkms only manual diesel like new best buy,"PHP 195,000",olxph_923561888,Used
Hyundai Santa Fe,"PHP 555,000",kenjie1130,Used
1k MILEAGE | 2019 CHEVROLET COLORADO LT 2.8 AT DIESEL,"PHP 908,000",nashumali,Used
2014 Mitsubishi Montero GLX Automatic Diesel 39tkms Good Cars Trading,"PHP 790,000",goodcars123,Used
2014 Ford Fiesta S Ecoboost Push start Automatic Good Cars Trading,"PHP 370,000",goodcars123,Used
2013 Honda City Manual 37tkms only! Good Cars Trading,"PHP 398,000",goodcars123,Used
Honda City,"PHP 418,000",aprilgay13,Used
Hyundai Elantra,"PHP 550,000",olracrai,Used
2018 SUZUKI SUPER CARRY Manual White,"PHP 450,000",autoboutique,Used
2012 Honda Civic Automatic 1.8 S Good Cars Trading,"PHP 468,000",goodcars123,Used
2015 Toyota Vios E Manual,"PHP 388,000",mechico,Used
2013 Toyota Fortuner G VNT 4x2 Diesel same Mitsubishi Montero Ford Everest Isuzu MUX,"PHP 858,000",marcars_trading,Used
2010 Toyota Fortuner G 4x2 Matic Diesel RARE CARS,"PHP 689,000",olxph_334352265,Used
2018 Toyota Vios J Manual transmission *44,"PHP 485,000",may_toyotacars1223,Used
2003 Honda CRV Automatic Good Cars Trading,"PHP 320,000",goodcars123,Used
2018 Toyota Wigo G A/T,"PHP 408,000",pvmercadocartrading,Used
"2016 Ford Ecosport Trend AT gas P558,000üî•üî•üî• üëçCASH,BANK FINANCING, TRADE IN Sample Computation P167,400 dp 15,208 3years 12,392 4years *chattel and insurance not included","PHP 558,000",emilieansaldo,Used
Toyota Hilux,"PHP 890,000",sobarney,Used
2014 Honda Accord Top of the Line Push start Sunroof Good Cars Trading,"PHP 970,000",goodcars123,Used
2006 Mitsubishi Pajero Fieldmaster Automatic Diesel Good Cars Trading,"PHP 590,000",goodcars123,Used
2018 Toyota Yaris 1.3 E Manual Transmission,"PHP 615,000",fatiesimbe,Used
2015 Ford Ecosport Trend Automatic 28tkms only Good Cars Trading,"PHP 570,000",goodcars123,Used
Suzuki Multicab Long Body FB Type 8 Seater By 4Wheels Motors Best Deal,"PHP 250,000",fourwheelsmotorsmulticabtrucks,Used
1k MILEAGE | 2019 CHEVROLET COLORADO LT 2.8 AT DIESEL,"PHP 908,000",nashumali,Used
2018 SUZUKI SUPER CARRY Manual White,"PHP 450,000",autoboutique,Used
Honda City,"PHP 350,000",jackiebueza,Used
2018 Toyota Vios E automatic NEWLOOK 7tkm very fresh,"PHP 568,000",marklegaspi,Used
Mitsubishi Montero Sport GLS,"PHP 650,000",jenny1290,Used
Chevrolet Tahoe LTZ not a Suburban Pajero Land Cruiser Patrol Expedition,"PHP 980,000",111sale,Used
toyota vios 2013,"PHP 325,000",olxph_766362704,Used
Ford F Series,"PHP 180,000",kiara_14,Used
Honda City,"PHP 360,000",docaj,Used
2018 Toyota Vios J Manual transmission *44,"PHP 485,000",may_toyotacars1223,Used
2018 Toyota FJ Cruiser 4x4 Automatic 7tkms Good Cars Cars,"PHP 1,770,000",goodcars123,Used
Toyota Avanza,"PHP 450,000",interciti.cagayan,Used
2016 Toyota Hiace Commuter Manual Diesel RARE CARS,"PHP 960,000",olxph_334352265,Used
Mitsubishi Montero Sport,"PHP 670,000",shellagarcia,Used
Rush 2013 Mitsubishi Montero Sport GLS-V 2.5 CRDI AT,"PHP 599,000",bencha_bencha,Used
Chevrolet Colorado,"PHP 900,000",diogago13,Used
2015 honda city vx automatic transmission,"PHP 480,000",suresh_21,Used
Honda City,"PHP 418,000",aprilgay13,Used
2018 Toyota Wigo G A/T,"PHP 408,000",pvmercadocartrading,Used
Suzuki Multicab Long Body FB Type 8 Seater By 4Wheels Motors Best Deal,"PHP 250,000",fourwheelsmotorsmulticabtrucks,Used
2018 Toyota Yaris 1.3 E Manual Transmission,"PHP 615,000",fatiesimbe,Used
Rush 2011 Mitsubishi Montero 25 CRDI GLS 5 Speed AT,"PHP 549,000",bencha_bencha,Used
Mitsubishi Adventure,"PHP 210,000",aiverick18,Used
Mitsubishi Montero Sport,"PHP 720,000",amieamul,Used
1k MILEAGE | 2019 CHEVROLET COLORADO LT 2.8 AT DIESEL,"PHP 908,000",nashumali,Used
2018 SUZUKI SUPER CARRY Manual White,"PHP 450,000",autoboutique,Used
2009 Toyota Fortuner G Automatic Diesel Good Cars Trading,"PHP 690,000",goodcars123,Used
Kia Carens,"PHP 530,000",gct88,Used
2015 Toyota Vios 1.3 E A/t,"PHP 430,000",msvtengco,Used
2003 Ford Escape 4x4 Automatic Fresh in and out Good Cars Trading,"PHP 250,000",goodcars123,Used
Mitsubishi Montero Sport 2009 GLS AT,"PHP 525,000",jayvidal,Used
2015 Kia Picanto EX Automatic 30tkms Good Cars Trading,"PHP 345,000",goodcars123,Used
2016 Toyota Hiace Commuter Manual Diesel RARE CARS,"PHP 960,000",olxph_334352265,Used
2018 Toyota Vios J Manual transmission *44,"PHP 485,000",may_toyotacars1223,Used
Ford Ecosport,"PHP 550,000",goodcars123,Used
Ford Ecosport,"PHP 620,000",goodcars123,Used
2011 Hyundai Santa Fe Automatic Diesel Good Cars Trading,"PHP 550,000",goodcars123,Used
Toyota Vios,"PHP 420,000",ennailacad,Used
Toyota Fortuner,"PHP 695,000",goodcars123,Used
2019 Innova 2.8 Touring Sport,"PHP 1,085,000",09176750603.neilcars88,Used
Rush 2013 Mitsubishi Montero Sport GLS-V 2.5 CRDI AT,"PHP 599,000",bencha_bencha,Used
Toyota Innova,"PHP 970,000",goodcars123,Used
Mitsubishi,"PHP 318,000",ryutaro_002,Used
Mitsubishi Adventure,"PHP 170,000",cabarlerenzo,Used
2018 Toyota Yaris 1.3 E Manual Transmission,"PHP 615,000",fatiesimbe,Used
Honda Jazz,"PHP 420,000",goodcars123,Used
PHP 125k DP!!! 2013 Honda City 1.5E Automatic Gas,"PHP 418,000",stephenq.allcarsmanila,Used
2015 honda city vx automatic transmission,"PHP 480,000",suresh_21,Used
2011 BMW 118D 30tkms! Automatic Diesel Push start Good Cars Trading,"PHP 848,000",goodcars123,Used
1997 Mitsubishi L300 fb 45tkms only manual diesel like new best buy,"PHP 195,000",olxph_923561888,Used
Hyundai Santa Fe,"PHP 555,000",kenjie1130,Used
1k MILEAGE | 2019 CHEVROLET COLORADO LT 2.8 AT DIESEL,"PHP 908,000",nashumali,Used
2014 Mitsubishi Montero GLX Automatic Diesel 39tkms Good Cars Trading,"PHP 790,000",goodcars123,Used
2014 Ford Fiesta S Ecoboost Push start Automatic Good Cars Trading,"PHP 370,000",goodcars123,Used
2013 Honda City Manual 37tkms only! Good Cars Trading,"PHP 398,000",goodcars123,Used
Honda City,"PHP 418,000",aprilgay13,Used
Hyundai Elantra,"PHP 550,000",olracrai,Used
2018 SUZUKI SUPER CARRY Manual White,"PHP 450,000",autoboutique,Used
2012 Honda Civic Automatic 1.8 S Good Cars Trading,"PHP 468,000",goodcars123,Used
2015 Toyota Vios E Manual,"PHP 388,000",mechico,Used
2013 Toyota Fortuner G VNT 4x2 Diesel same Mitsubishi Montero Ford Everest Isuzu MUX,"PHP 858,000",marcars_trading,Used
2010 Toyota Fortuner G 4x2 Matic Diesel RARE CARS,"PHP 689,000",olxph_334352265,Used
2018 Toyota Vios J Manual transmission *44,"PHP 485,000",may_toyotacars1223,Used
2003 Honda CRV Automatic Good Cars Trading,"PHP 320,000",goodcars123,Used
2018 Toyota Wigo G A/T,"PHP 408,000",pvmercadocartrading,Used
"2016 Ford Ecosport Trend AT gas P558,000üî•üî•üî• üëçCASH,BANK FINANCING, TRADE IN Sample Computation P167,400 dp 15,208 3years 12,392 4years *chattel and insurance not included","PHP 558,000",emilieansaldo,Used
Toyota Hilux,"PHP 890,000",sobarney,Used
2014 Honda Accord Top of the Line Push start Sunroof Good Cars Trading,"PHP 970,000",goodcars123,Used
2006 Mitsubishi Pajero Fieldmaster Automatic Diesel Good Cars Trading,"PHP 590,000",goodcars123,Used
2018 Toyota Yaris 1.3 E Manual Transmission,"PHP 615,000",fatiesimbe,Used
2015 Ford Ecosport Trend Automatic 28tkms only Good Cars Trading,"PHP 570,000",goodcars123,Used
Suzuki Multicab Long Body FB Type 8 Seater By 4Wheels Motors Best Deal,"PHP 250,000",fourwheelsmotorsmulticabtrucks,Used
Isuzu,"PHP 570,000",boyetski74,Used
Toyota Vios,"PHP 210,000",yahj_17,Used
Subaru XV 2.0i-S CVT PREMIUM AWD Automatic Paddle Shifter,"PHP 585,000",ding64,Used
1k MILEAGE | 2019 CHEVROLET COLORADO LT 2.8 AT DIESEL,"PHP 908,000",nashumali,Used
2012 BMW 118D Automatic Diesel 54tkms! Good Cars Trading,"PHP 920,000",goodcars123,Used
2010 Mitsubishi Adventure GLS Sport Fresh in and out Good Cars Trading,"PHP 420,000",goodcars123,Used
Subaru Forester,"PHP 670,000",goodcars123,Used
Rush 2011 Mitsubishi Montero 25 CRDI GLS 5 Speed AT,"PHP 549,000",bencha_bencha,Used
Toyota Fortuner,"PHP 820,000",goodcars123,Used
2018 SUZUKI SUPER CARRY Manual White,"PHP 450,000",autoboutique,Used
Suzuki Jimny,"PHP 268,000",monlee7592,Used
Toyota Avanza,"PHP 670,000",goodcars123,Used
Hyundai Starex,"PHP 830,000",goodcars123,Used
2009 Toyota Vios E Manual 79tkms Good Cars Trading,"PHP 290,000",goodcars123,Used
2018 Toyota Vios J Manual transmission *44,"PHP 485,000",may_toyotacars1223,Used
2018 Honda 1.6 CRV 9-speed Turbo S Diesel,"PHP 560,000",olxph_741051310,Used
Mitsubishi Montero Sport,"PHP 720,000",amieamul,Used
2013 Honda City 1.5E Automatic Gas,"PHP 418,000",allcarsmnl,Used
Nissan,"PHP 150,000",jpdifs,Used
2003 Ford Escape 4x4 Automatic Fresh in and out Good Cars Trading,"PHP 250,000",goodcars123,Used
RUSH 2007 Hyundai Getz 1.1L GL Manual,"PHP 160,000",benedictyuri,Used
2018 Toyota Yaris 1.3 E Manual Transmission,"PHP 615,000",fatiesimbe,Used
2015 Mitsubishi Adventure GLS Sport 68tkms Good Cars Trading,"PHP 540,000",goodcars123,Used
Kia Carens,"PHP 530,000",gct88,Used
1k MILEAGE | 2019 CHEVROLET COLORADO LT 2.8 AT DIESEL,"PHP 908,000",nashumali,Used
2018 SUZUKI SUPER CARRY Manual White,"PHP 450,000",autoboutique,Used
Honda City,"PHP 350,000",jackiebueza,Used
2018 Toyota Vios E automatic NEWLOOK 7tkm very fresh,"PHP 568,000",marklegaspi,Used
Mitsubishi Montero Sport GLS,"PHP 650,000",jenny1290,Used
Chevrolet Tahoe LTZ not a Suburban Pajero Land Cruiser Patrol Expedition,"PHP 980,000",111sale,Used
toyota vios 2013,"PHP 325,000",olxph_766362704,Used
Ford F Series,"PHP 180,000",kiara_14,Used
Honda City,"PHP 360,000",docaj,Used
2018 Toyota Vios J Manual transmission *44,"PHP 485,000",may_toyotacars1223,Used
2018 Toyota FJ Cruiser 4x4 Automatic 7tkms Good Cars Cars,"PHP 1,770,000",goodcars123,Used
Toyota Avanza,"PHP 450,000",interciti.cagayan,Used
2016 Toyota Hiace Commuter Manual Diesel RARE CARS,"PHP 960,000",olxph_334352265,Used
Mitsubishi Montero Sport,"PHP 670,000",shellagarcia,Used
Rush 2013 Mitsubishi Montero Sport GLS-V 2.5 CRDI AT,"PHP 599,000",bencha_bencha,Used
Chevrolet Colorado,"PHP 900,000",diogago13,Used
2015 honda city vx automatic transmission,"PHP 480,000",suresh_21,Used
Honda City,"PHP 418,000",aprilgay13,Used
2018 Toyota Wigo G A/T,"PHP 408,000",pvmercadocartrading,Used
Suzuki Multicab Long Body FB Type 8 Seater By 4Wheels Motors Best Deal,"PHP 250,000",fourwheelsmotorsmulticabtrucks,Used
2018 Toyota Yaris 1.3 E Manual Transmission,"PHP 615,000",fatiesimbe,Used
Rush 2011 Mitsubishi Montero 25 CRDI GLS 5 Speed AT,"PHP 549,000",bencha_bencha,Used
Mitsubishi Adventure,"PHP 210,000",aiverick18,Used
Mitsubishi Montero Sport,"PHP 720,000",amieamul,Used
1k MILEAGE | 2019 CHEVROLET COLORADO LT 2.8 AT DIESEL,"PHP 908,000",nashumali,Used
2018 SUZUKI SUPER CARRY Manual White,"PHP 450,000",autoboutique,Used
2009 Toyota Fortuner G Automatic Diesel Good Cars Trading,"PHP 690,000",goodcars123,Used
Kia Carens,"PHP 530,000",gct88,Used
2015 Toyota Vios 1.3 E A/t,"PHP 430,000",msvtengco,Used
2003 Ford Escape 4x4 Automatic Fresh in and out Good Cars Trading,"PHP 250,000",goodcars123,Used
Mitsubishi Montero Sport 2009 GLS AT,"PHP 525,000",jayvidal,Used
2015 Kia Picanto EX Automatic 30tkms Good Cars Trading,"PHP 345,000",goodcars123,Used
2016 Toyota Hiace Commuter Manual Diesel RARE CARS,"PHP 960,000",olxph_334352265,Used
2018 Toyota Vios J Manual transmission *44,"PHP 485,000",may_toyotacars1223,Used
Ford Ecosport,"PHP 550,000",goodcars123,Used
Ford Ecosport,"PHP 620,000",goodcars123,Used
2011 Hyundai Santa Fe Automatic Diesel Good Cars Trading,"PHP 550,000",goodcars123,Used
Toyota Vios,"PHP 420,000",ennailacad,Used
Toyota Fortuner,"PHP 695,000",goodcars123,Used
2019 Innova 2.8 Touring Sport,"PHP 1,085,000",09176750603.neilcars88,Used
Rush 2013 Mitsubishi Montero Sport GLS-V 2.5 CRDI AT,"PHP 599,000",bencha_bencha,Used
Toyota Innova,"PHP 970,000",goodcars123,Used
Mitsubishi,"PHP 318,000",ryutaro_002,Used
Mitsubishi Adventure,"PHP 170,000",cabarlerenzo,Used
2018 Toyota Yaris 1.3 E Manual Transmission,"PHP 615,000",fatiesimbe,Used
Honda Jazz,"PHP 420,000",goodcars123,Used
PHP 125k DP!!! 2013 Honda City 1.5E Automatic Gas,"PHP 418,000",stephenq.allcarsmanila,Used
2015 honda city vx automatic transmission,"PHP 480,000",suresh_21,Used
2011 BMW 118D 30tkms! Automatic Diesel Push start Good Cars Trading,"PHP 848,000",goodcars123,Used
1997 Mitsubishi L300 fb 45tkms only manual diesel like new best buy,"PHP 195,000",olxph_923561888,Used
Hyundai Santa Fe,"PHP 555,000",kenjie1130,Used
1k MILEAGE | 2019 CHEVROLET COLORADO LT 2.8 AT DIESEL,"PHP 908,000",nashumali,Used
2014 Mitsubishi Montero GLX Automatic Diesel 39tkms Good Cars Trading,"PHP 790,000",goodcars123,Used
2014 Ford Fiesta S Ecoboost Push start Automatic Good Cars Trading,"PHP 370,000",goodcars123,Used
2013 Honda City Manual 37tkms only! Good Cars Trading,"PHP 398,000",goodcars123,Used
Honda City,"PHP 418,000",aprilgay13,Used
Hyundai Elantra,"PHP 550,000",olracrai,Used
2018 SUZUKI SUPER CARRY Manual White,"PHP 450,000",autoboutique,Used
2012 Honda Civic Automatic 1.8 S Good Cars Trading,"PHP 468,000",goodcars123,Used
2015 Toyota Vios E Manual,"PHP 388,000",mechico,Used
2013 Toyota Fortuner G VNT 4x2 Diesel same Mitsubishi Montero Ford Everest Isuzu MUX,"PHP 858,000",marcars_trading,Used
2010 Toyota Fortuner G 4x2 Matic Diesel RARE CARS,"PHP 689,000",olxph_334352265,Used
2018 Toyota Vios J Manual transmission *44,"PHP 485,000",may_toyotacars1223,Used
2003 Honda CRV Automatic Good Cars Trading,"PHP 320,000",goodcars123,Used
2018 Toyota Wigo G A/T,"PHP 408,000",pvmercadocartrading,Used
"2016 Ford Ecosport Trend AT gas P558,000üî•üî•üî• üëçCASH,BANK FINANCING, TRADE IN Sample Computation P167,400 dp 15,208 3years 12,392 4years *chattel and insurance not included","PHP 558,000",emilieansaldo,Used
Toyota Hilux,"PHP 890,000",sobarney,Used
2014 Honda Accord Top of the Line Push start Sunroof Good Cars Trading,"PHP 970,000",goodcars123,Used
2006 Mitsubishi Pajero Fieldmaster Automatic Diesel Good Cars Trading,"PHP 590,000",goodcars123,Used
2018 Toyota Yaris 1.3 E Manual Transmission,"PHP 615,000",fatiesimbe,Used
2015 Ford Ecosport Trend Automatic 28tkms only Good Cars Trading,"PHP 570,000",goodcars123,Used
Suzuki Multicab Long Body FB Type 8 Seater By 4Wheels Motors Best Deal,"PHP 250,000",fourwheelsmotorsmulticabtrucks,Used
Isuzu,"PHP 570,000",boyetski74,Used
Toyota Vios,"PHP 210,000",yahj_17,Used
Subaru XV 2.0i-S CVT PREMIUM AWD Automatic Paddle Shifter,"PHP 585,000",ding64,Used
1k MILEAGE | 2019 CHEVROLET COLORADO LT 2.8 AT DIESEL,"PHP 908,000",nashumali,Used
2012 BMW 118D Automatic Diesel 54tkms! Good Cars Trading,"PHP 920,000",goodcars123,Used
2010 Mitsubishi Adventure GLS Sport Fresh in and out Good Cars Trading,"PHP 420,000",goodcars123,Used
Subaru Forester,"PHP 670,000",goodcars123,Used
Rush 2011 Mitsubishi Montero 25 CRDI GLS 5 Speed AT,"PHP 549,000",bencha_bencha,Used
Toyota Fortuner,"PHP 820,000",goodcars123,Used
2018 SUZUKI SUPER CARRY Manual White,"PHP 450,000",autoboutique,Used
Suzuki Jimny,"PHP 268,000",monlee7592,Used
Toyota Avanza,"PHP 670,000",goodcars123,Used
Hyundai Starex,"PHP 830,000",goodcars123,Used
2009 Toyota Vios E Manual 79tkms Good Cars Trading,"PHP 290,000",goodcars123,Used
2018 Toyota Vios J Manual transmission *44,"PHP 485,000",may_toyotacars1223,Used
2018 Honda 1.6 CRV 9-speed Turbo S Diesel,"PHP 560,000",olxph_741051310,Used
Mitsubishi Montero Sport,"PHP 720,000",amieamul,Used
2013 Honda City 1.5E Automatic Gas,"PHP 418,000",allcarsmnl,Used
Nissan,"PHP 150,000",jpdifs,Used
2003 Ford Escape 4x4 Automatic Fresh in and out Good Cars Trading,"PHP 250,000",goodcars123,Used
RUSH 2007 Hyundai Getz 1.1L GL Manual,"PHP 160,000",benedictyuri,Used
2018 Toyota Yaris 1.3 E Manual Transmission,"PHP 615,000",fatiesimbe,Used
2015 Mitsubishi Adventure GLS Sport 68tkms Good Cars Trading,"PHP 540,000",goodcars123,Used
Kia Carens,"PHP 530,000",gct88,Used
Kia Rio,"PHP 320,000",jeanarada23,Used
Ford Escape,"PHP 200,000",vhemcad,Used
2011 BMW 118D 30tkms! Automatic Diesel Push start Good Cars Trading,"PHP 750,000",goodcars123,Used
1k MILEAGE | 2019 CHEVROLET COLORADO LT 2.8 AT DIESEL,"PHP 908,000",nashumali,Used
Nissan Frontier,"PHP 290,000",heinrichguerrero,Used
2016 Ford Ecosport Trend Automatic 34tkms! Good Cars Trading,"PHP 590,000",goodcars123,Used
2013 Honda City 1.5 E Automatic Gas,"PHP 418,000",nicofaustino,Used
2015 Toyota Vios 1.3 E A/t,"PHP 430,000",msvtengco,Used
Ford Fiesta,"PHP 260,000",goodcars123,Used
2018 SUZUKI SUPER CARRY Manual White,"PHP 450,000",autoboutique,Used
Isuzu Crosswind,"PHP 598,000",goodcars123,Used
2018 Toyota FJ Cruiser 4x4 Automatic 7tkms Good Cars Cars,"PHP 1,770,000",goodcars123,Used
Toyota RAV4,"PHP 450,000",goodcars123,Used
Honda City 2009 Automatic,"PHP 320,000",talensed,Used
2018 Toyota Vios J Manual transmission *44,"PHP 485,000",may_toyotacars1223,Used
2012 Ford Focus Automatic Diesel Good Cars Trading,"PHP 390,000",goodcars123,Used
Mitsubishi Montero Sport 2009 GLS AT,"PHP 525,000",jayvidal,Used
2019 Toyota Innova 2.8E Manual Silver,"PHP 990,000",julietsimbe,Used
Kia Soul,"PHP 328,000",bigmantradingbryan,Used
2012 Mitsubishi Montero 4x4 Black Rhino Mags 87tkms! Good Cars Trading,"PHP 770,000",goodcars123,Used
Assume balance car toyota hilux E 2019 or swap,"PHP 200,000",olxph_511620550,Used
2018 Toyota Yaris 1.3 E Manual Transmission,"PHP 615,000",fatiesimbe,Used
2005 Mitsubishi Pajero CK GLS 4x4 V6 80tkms only Automatic Gasoline,"PHP 550,000",goodcars123,Used
2019 Innova 2.8 Touring Sport,"PHP 1,085,000",09176750603.neilcars88,Used
1k MILEAGE | 2019 CHEVROLET COLORADO LT 2.8 AT DIESEL,"PHP 908,000",nashumali,Used
2018 SUZUKI SUPER CARRY Manual White,"PHP 450,000",autoboutique,Used
Honda City,"PHP 350,000",jackiebueza,Used
2018 Toyota Vios E automatic NEWLOOK 7tkm very fresh,"PHP 568,000",marklegaspi,Used
Mitsubishi Montero Sport GLS,"PHP 650,000",jenny1290,Used
Chevrolet Tahoe LTZ not a Suburban Pajero Land Cruiser Patrol Expedition,"PHP 980,000",111sale,Used
toyota vios 2013,"PHP 325,000",olxph_766362704,Used
Ford F Series,"PHP 180,000",kiara_14,Used
Honda City,"PHP 360,000",docaj,Used
2018 Toyota Vios J Manual transmission *44,"PHP 485,000",may_toyotacars1223,Used
2018 Toyota FJ Cruiser 4x4 Automatic 7tkms Good Cars Cars,"PHP 1,770,000",goodcars123,Used
Toyota Avanza,"PHP 450,000",interciti.cagayan,Used
2016 Toyota Hiace Commuter Manual Diesel RARE CARS,"PHP 960,000",olxph_334352265,Used
Mitsubishi Montero Sport,"PHP 670,000",shellagarcia,Used
Rush 2013 Mitsubishi Montero Sport GLS-V 2.5 CRDI AT,"PHP 599,000",bencha_bencha,Used
Chevrolet Colorado,"PHP 900,000",diogago13,Used
2015 honda city vx automatic transmission,"PHP 480,000",suresh_21,Used
Honda City,"PHP 418,000",aprilgay13,Used
2018 Toyota Wigo G A/T,"PHP 408,000",pvmercadocartrading,Used
Suzuki Multicab Long Body FB Type 8 Seater By 4Wheels Motors Best Deal,"PHP 250,000",fourwheelsmotorsmulticabtrucks,Used
2018 Toyota Yaris 1.3 E Manual Transmission,"PHP 615,000",fatiesimbe,Used
Rush 2011 Mitsubishi Montero 25 CRDI GLS 5 Speed AT,"PHP 549,000",bencha_bencha,Used
Mitsubishi Adventure,"PHP 210,000",aiverick18,Used
Mitsubishi Montero Sport,"PHP 720,000",amieamul,Used
1k MILEAGE | 2019 CHEVROLET COLORADO LT 2.8 AT DIESEL,"PHP 908,000",nashumali,Used
2018 SUZUKI SUPER CARRY Manual White,"PHP 450,000",autoboutique,Used
2009 Toyota Fortuner G Automatic Diesel Good Cars Trading,"PHP 690,000",goodcars123,Used
Kia Carens,"PHP 530,000",gct88,Used
2015 Toyota Vios 1.3 E A/t,"PHP 430,000",msvtengco,Used
2003 Ford Escape 4x4 Automatic Fresh in and out Good Cars Trading,"PHP 250,000",goodcars123,Used
Mitsubishi Montero Sport 2009 GLS AT,"PHP 525,000",jayvidal,Used
2015 Kia Picanto EX Automatic 30tkms Good Cars Trading,"PHP 345,000",goodcars123,Used
2016 Toyota Hiace Commuter Manual Diesel RARE CARS,"PHP 960,000",olxph_334352265,Used
2018 Toyota Vios J Manual transmission *44,"PHP 485,000",may_toyotacars1223,Used
Ford Ecosport,"PHP 550,000",goodcars123,Used
Ford Ecosport,"PHP 620,000",goodcars123,Used
2011 Hyundai Santa Fe Automatic Diesel Good Cars Trading,"PHP 550,000",goodcars123,Used
Toyota Vios,"PHP 420,000",ennailacad,Used
Toyota Fortuner,"PHP 695,000",goodcars123,Used
2019 Innova 2.8 Touring Sport,"PHP 1,085,000",09176750603.neilcars88,Used
Rush 2013 Mitsubishi Montero Sport GLS-V 2.5 CRDI AT,"PHP 599,000",bencha_bencha,Used
Toyota Innova,"PHP 970,000",goodcars123,Used
Mitsubishi,"PHP 318,000",ryutaro_002,Used
Mitsubishi Adventure,"PHP 170,000",cabarlerenzo,Used
2018 Toyota Yaris 1.3 E Manual Transmission,"PHP 615,000",fatiesimbe,Used
Honda Jazz,"PHP 420,000",goodcars123,Used
PHP 125k DP!!! 2013 Honda City 1.5E Automatic Gas,"PHP 418,000",stephenq.allcarsmanila,Used
2015 honda city vx automatic transmission,"PHP 480,000",suresh_21,Used
2011 BMW 118D 30tkms! Automatic Diesel Push start Good Cars Trading,"PHP 848,000",goodcars123,Used
1997 Mitsubishi L300 fb 45tkms only manual diesel like new best buy,"PHP 195,000",olxph_923561888,Used
Hyundai Santa Fe,"PHP 555,000",kenjie1130,Used
1k MILEAGE | 2019 CHEVROLET COLORADO LT 2.8 AT DIESEL,"PHP 908,000",nashumali,Used
2014 Mitsubishi Montero GLX Automatic Diesel 39tkms Good Cars Trading,"PHP 790,000",goodcars123,Used
2014 Ford Fiesta S Ecoboost Push start Automatic Good Cars Trading,"PHP 370,000",goodcars123,Used
2013 Honda City Manual 37tkms only! Good Cars Trading,"PHP 398,000",goodcars123,Used
Honda City,"PHP 418,000",aprilgay13,Used
Hyundai Elantra,"PHP 550,000",olracrai,Used
2018 SUZUKI SUPER CARRY Manual White,"PHP 450,000",autoboutique,Used
2012 Honda Civic Automatic 1.8 S Good Cars Trading,"PHP 468,000",goodcars123,Used
2015 Toyota Vios E Manual,"PHP 388,000",mechico,Used
2013 Toyota Fortuner G VNT 4x2 Diesel same Mitsubishi Montero Ford Everest Isuzu MUX,"PHP 858,000",marcars_trading,Used
2010 Toyota Fortuner G 4x2 Matic Diesel RARE CARS,"PHP 689,000",olxph_334352265,Used
2018 Toyota Vios J Manual transmission *44,"PHP 485,000",may_toyotacars1223,Used
2003 Honda CRV Automatic Good Cars Trading,"PHP 320,000",goodcars123,Used
2018 Toyota Wigo G A/T,"PHP 408,000",pvmercadocartrading,Used
"2016 Ford Ecosport Trend AT gas P558,000üî•üî•üî• üëçCASH,BANK FINANCING, TRADE IN Sample Computation P167,400 dp 15,208 3years 12,392 4years *chattel and insurance not included","PHP 558,000",emilieansaldo,Used
Toyota Hilux,"PHP 890,000",sobarney,Used
2014 Honda Accord Top of the Line Push start Sunroof Good Cars Trading,"PHP 970,000",goodcars123,Used
2006 Mitsubishi Pajero Fieldmaster Automatic Diesel Good Cars Trading,"PHP 590,000",goodcars123,Used
2018 Toyota Yaris 1.3 E Manual Transmission,"PHP 615,000",fatiesimbe,Used
2015 Ford Ecosport Trend Automatic 28tkms only Good Cars Trading,"PHP 570,000",goodcars123,Used
Suzuki Multicab Long Body FB Type 8 Seater By 4Wheels Motors Best Deal,"PHP 250,000",fourwheelsmotorsmulticabtrucks,Used
Isuzu,"PHP 570,000",boyetski74,Used
Toyota Vios,"PHP 210,000",yahj_17,Used
Subaru XV 2.0i-S CVT PREMIUM AWD Automatic Paddle Shifter,"PHP 585,000",ding64,Used
1k MILEAGE | 2019 CHEVROLET COLORADO LT 2.8 AT DIESEL,"PHP 908,000",nashumali,Used
2012 BMW 118D Automatic Diesel 54tkms! Good Cars Trading,"PHP 920,000",goodcars123,Used
2010 Mitsubishi Adventure GLS Sport Fresh in and out Good Cars Trading,"PHP 420,000",goodcars123,Used
Subaru Forester,"PHP 670,000",goodcars123,Used
Rush 2011 Mitsubishi Montero 25 CRDI GLS 5 Speed AT,"PHP 549,000",bencha_bencha,Used
Toyota Fortuner,"PHP 820,000",goodcars123,Used
2018 SUZUKI SUPER CARRY Manual White,"PHP 450,000",autoboutique,Used
Suzuki Jimny,"PHP 268,000",monlee7592,Used
Toyota Avanza,"PHP 670,000",goodcars123,Used
Hyundai Starex,"PHP 830,000",goodcars123,Used
2009 Toyota Vios E Manual 79tkms Good Cars Trading,"PHP 290,000",goodcars123,Used
2018 Toyota Vios J Manual transmission *44,"PHP 485,000",may_toyotacars1223,Used
2018 Honda 1.6 CRV 9-speed Turbo S Diesel,"PHP 560,000",olxph_741051310,Used
Mitsubishi Montero Sport,"PHP 720,000",amieamul,Used
2013 Honda City 1.5E Automatic Gas,"PHP 418,000",allcarsmnl,Used
Nissan,"PHP 150,000",jpdifs,Used
2003 Ford Escape 4x4 Automatic Fresh in and out Good Cars Trading,"PHP 250,000",goodcars123,Used
RUSH 2007 Hyundai Getz 1.1L GL Manual,"PHP 160,000",benedictyuri,Used
2018 Toyota Yaris 1.3 E Manual Transmission,"PHP 615,000",fatiesimbe,Used
2015 Mitsubishi Adventure GLS Sport 68tkms Good Cars Trading,"PHP 540,000",goodcars123,Used
Kia Carens,"PHP 530,000",gct88,Used
Kia Rio,"PHP 320,000",jeanarada23,Used
Ford Escape,"PHP 200,000",vhemcad,Used
2011 BMW 118D 30tkms! Automatic Diesel Push start Good Cars Trading,"PHP 750,000",goodcars123,Used
1k MILEAGE | 2019 CHEVROLET COLORADO LT 2.8 AT DIESEL,"PHP 908,000",nashumali,Used
Nissan Frontier,"PHP 290,000",heinrichguerrero,Used
2016 Ford Ecosport Trend Automatic 34tkms! Good Cars Trading,"PHP 590,000",goodcars123,Used
2013 Honda City 1.5 E Automatic Gas,"PHP 418,000",nicofaustino,Used
2015 Toyota Vios 1.3 E A/t,"PHP 430,000",msvtengco,Used
Ford Fiesta,"PHP 260,000",goodcars123,Used
2018 SUZUKI SUPER CARRY Manual White,"PHP 450,000",autoboutique,Used
Isuzu Crosswind,"PHP 598,000",goodcars123,Used
2018 Toyota FJ Cruiser 4x4 Automatic 7tkms Good Cars Cars,"PHP 1,770,000",goodcars123,Used
Toyota RAV4,"PHP 450,000",goodcars123,Used
Honda City 2009 Automatic,"PHP 320,000",talensed,Used
2018 Toyota Vios J Manual transmission *44,"PHP 485,000",may_toyotacars1223,Used
2012 Ford Focus Automatic Diesel Good Cars Trading,"PHP 390,000",goodcars123,Used
Mitsubishi Montero Sport 2009 GLS AT,"PHP 525,000",jayvidal,Used
2019 Toyota Innova 2.8E Manual Silver,"PHP 990,000",julietsimbe,Used
Kia Soul,"PHP 328,000",bigmantradingbryan,Used
2012 Mitsubishi Montero 4x4 Black Rhino Mags 87tkms! Good Cars Trading,"PHP 770,000",goodcars123,Used
Assume balance car toyota hilux E 2019 or swap,"PHP 200,000",olxph_511620550,Used
2018 Toyota Yaris 1.3 E Manual Transmission,"PHP 615,000",fatiesimbe,Used
2005 Mitsubishi Pajero CK GLS 4x4 V6 80tkms only Automatic Gasoline,"PHP 550,000",goodcars123,Used
2019 Innova 2.8 Touring Sport,"PHP 1,085,000",09176750603.neilcars88,Used
2009 Mitsubishi Montero GLS Automatic,"PHP 588,000",nashumali,Used
2015 Isuzu XUV Automatic Diesel 53tkms Good Cars Trading,"PHP 720,000",goodcars123,Used
Honda City automatic,"PHP 295,000",olxph_433685303,Used
1k MILEAGE | 2019 CHEVROLET COLORADO LT 2.8 AT DIESEL,"PHP 908,000",nashumali,Used
Ford Ecosport,"PHP 2,000,000",mrmuncada,Used
Hyundai Accent,"PHP 340,000",rvm519,Used
Ford Everest,"PHP 800,000",sheila_sor,Used
Mitsubishi,"PHP 318,000",ryutaro_002,Used
Mitsubishi Pajero,"PHP 1,800,000",jrvvalles,Used
2018 SUZUKI SUPER CARRY Manual White,"PHP 450,000",autoboutique,Used
Mazda 2 AT Skyactiv,"PHP 590,000",fortich_grace,Used
2007 Mitsubishi L300 FB P320k Dual a/c,"PHP 320,000",lyndoncruz,Used
2016 Toyota Vios 1.3E automatic,"PHP 448,000",j.r.u,Used
2017 acquired Mitsubishi Montero Sport GT 4WD Limited,"PHP 1,248,000",mike_cebu,Used
2018 Toyota Vios J Manual transmission *44,"PHP 485,000",may_toyotacars1223,Used
Mitsubishi Montero Sport 2017 GLS Premium Automatic,"PHP 1,370,000",carempire,Used
PHP 125k DP!!! 2013 Honda City 1.5E Automatic Gas,"PHP 418,000",stephenq.allcarsmanila,Used
Mitsubishi Montero Sport,"PHP 660,000",nixma918,Used
Mitsubishi Montero,"PHP 1,198,000",dvo888,Used
Toyota Avanza,"PHP 380,000",weng463800,Used
Mazda 3,"PHP 250,000",jasongarrido,Used
2018 Toyota Yaris 1.3 E Manual Transmission,"PHP 615,000",fatiesimbe,Used
Toyota Vios,"PHP 250,000",olxph_632941467,Used
1997 Mitsubishi L300 fb 45tkms only manual diesel like new best buy,"PHP 195,000",olxph_923561888,Used
1k MILEAGE | 2019 CHEVROLET COLORADO LT 2.8 AT DIESEL,"PHP 908,000",nashumali,Used
2018 SUZUKI SUPER CARRY Manual White,"PHP 450,000",autoboutique,Used
Honda City,"PHP 350,000",jackiebueza,Used
2018 Toyota Vios E automatic NEWLOOK 7tkm very fresh,"PHP 568,000",marklegaspi,Used
Mitsubishi Montero Sport GLS,"PHP 650,000",jenny1290,Used
Chevrolet Tahoe LTZ not a Suburban Pajero Land Cruiser Patrol Expedition,"PHP 980,000",111sale,Used
toyota vios 2013,"PHP 325,000",olxph_766362704,Used
Ford F Series,"PHP 180,000",kiara_14,Used
Honda City,"PHP 360,000",docaj,Used
2018 Toyota Vios J Manual transmission *44,"PHP 485,000",may_toyotacars1223,Used
2018 Toyota FJ Cruiser 4x4 Automatic 7tkms Good Cars Cars,"PHP 1,770,000",goodcars123,Used
Toyota Avanza,"PHP 450,000",interciti.cagayan,Used
2016 Toyota Hiace Commuter Manual Diesel RARE CARS,"PHP 960,000",olxph_334352265,Used
Mitsubishi Montero Sport,"PHP 670,000",shellagarcia,Used
Rush 2013 Mitsubishi Montero Sport GLS-V 2.5 CRDI AT,"PHP 599,000",bencha_bencha,Used
Chevrolet Colorado,"PHP 900,000",diogago13,Used
2015 honda city vx automatic transmission,"PHP 480,000",suresh_21,Used
Honda City,"PHP 418,000",aprilgay13,Used
2018 Toyota Wigo G A/T,"PHP 408,000",pvmercadocartrading,Used
Suzuki Multicab Long Body FB Type 8 Seater By 4Wheels Motors Best Deal,"PHP 250,000",fourwheelsmotorsmulticabtrucks,Used
2018 Toyota Yaris 1.3 E Manual Transmission,"PHP 615,000",fatiesimbe,Used
Rush 2011 Mitsubishi Montero 25 CRDI GLS 5 Speed AT,"PHP 549,000",bencha_bencha,Used
Mitsubishi Adventure,"PHP 210,000",aiverick18,Used
Mitsubishi Montero Sport,"PHP 720,000",amieamul,Used
1k MILEAGE | 2019 CHEVROLET COLORADO LT 2.8 AT DIESEL,"PHP 908,000",nashumali,Used
2018 SUZUKI SUPER CARRY Manual White,"PHP 450,000",autoboutique,Used
2009 Toyota Fortuner G Automatic Diesel Good Cars Trading,"PHP 690,000",goodcars123,Used
Kia Carens,"PHP 530,000",gct88,Used
2015 Toyota Vios 1.3 E A/t,"PHP 430,000",msvtengco,Used
2003 Ford Escape 4x4 Automatic Fresh in and out Good Cars Trading,"PHP 250,000",goodcars123,Used
Mitsubishi Montero Sport 2009 GLS AT,"PHP 525,000",jayvidal,Used
2015 Kia Picanto EX Automatic 30tkms Good Cars Trading,"PHP 345,000",goodcars123,Used
2016 Toyota Hiace Commuter Manual Diesel RARE CARS,"PHP 960,000",olxph_334352265,Used
2018 Toyota Vios J Manual transmission *44,"PHP 485,000",may_toyotacars1223,Used
Ford Ecosport,"PHP 550,000",goodcars123,Used
Ford Ecosport,"PHP 620,000",goodcars123,Used
2011 Hyundai Santa Fe Automatic Diesel Good Cars Trading,"PHP 550,000",goodcars123,Used
Toyota Vios,"PHP 420,000",ennailacad,Used
Toyota Fortuner,"PHP 695,000",goodcars123,Used
2019 Innova 2.8 Touring Sport,"PHP 1,085,000",09176750603.neilcars88,Used
Rush 2013 Mitsubishi Montero Sport GLS-V 2.5 CRDI AT,"PHP 599,000",bencha_bencha,Used
Toyota Innova,"PHP 970,000",goodcars123,Used
Mitsubishi,"PHP 318,000",ryutaro_002,Used
Mitsubishi Adventure,"PHP 170,000",cabarlerenzo,Used
2018 Toyota Yaris 1.3 E Manual Transmission,"PHP 615,000",fatiesimbe,Used
Honda Jazz,"PHP 420,000",goodcars123,Used
PHP 125k DP!!! 2013 Honda City 1.5E Automatic Gas,"PHP 418,000",stephenq.allcarsmanila,Used
2015 honda city vx automatic transmission,"PHP 480,000",suresh_21,Used
2011 BMW 118D 30tkms! Automatic Diesel Push start Good Cars Trading,"PHP 848,000",goodcars123,Used
1997 Mitsubishi L300 fb 45tkms only manual diesel like new best buy,"PHP 195,000",olxph_923561888,Used
Hyundai Santa Fe,"PHP 555,000",kenjie1130,Used
1k MILEAGE | 2019 CHEVROLET COLORADO LT 2.8 AT DIESEL,"PHP 908,000",nashumali,Used
2014 Mitsubishi Montero GLX Automatic Diesel 39tkms Good Cars Trading,"PHP 790,000",goodcars123,Used
2014 Ford Fiesta S Ecoboost Push start Automatic Good Cars Trading,"PHP 370,000",goodcars123,Used
2013 Honda City Manual 37tkms only! Good Cars Trading,"PHP 398,000",goodcars123,Used
Honda City,"PHP 418,000",aprilgay13,Used
Hyundai Elantra,"PHP 550,000",olracrai,Used
2018 SUZUKI SUPER CARRY Manual White,"PHP 450,000",autoboutique,Used
2012 Honda Civic Automatic 1.8 S Good Cars Trading,"PHP 468,000",goodcars123,Used
2015 Toyota Vios E Manual,"PHP 388,000",mechico,Used
2013 Toyota Fortuner G VNT 4x2 Diesel same Mitsubishi Montero Ford Everest Isuzu MUX,"PHP 858,000",marcars_trading,Used
2010 Toyota Fortuner G 4x2 Matic Diesel RARE CARS,"PHP 689,000",olxph_334352265,Used
2018 Toyota Vios J Manual transmission *44,"PHP 485,000",may_toyotacars1223,Used
2003 Honda CRV Automatic Good Cars Trading,"PHP 320,000",goodcars123,Used
2018 Toyota Wigo G A/T,"PHP 408,000",pvmercadocartrading,Used
"2016 Ford Ecosport Trend AT gas P558,000üî•üî•üî• üëçCASH,BANK FINANCING, TRADE IN Sample Computation P167,400 dp 15,208 3years 12,392 4years *chattel and insurance not included","PHP 558,000",emilieansaldo,Used
Toyota Hilux,"PHP 890,000",sobarney,Used
2014 Honda Accord Top of the Line Push start Sunroof Good Cars Trading,"PHP 970,000",goodcars123,Used
2006 Mitsubishi Pajero Fieldmaster Automatic Diesel Good Cars Trading,"PHP 590,000",goodcars123,Used
2018 Toyota Yaris 1.3 E Manual Transmission,"PHP 615,000",fatiesimbe,Used
2015 Ford Ecosport Trend Automatic 28tkms only Good Cars Trading,"PHP 570,000",goodcars123,Used
Suzuki Multicab Long Body FB Type 8 Seater By 4Wheels Motors Best Deal,"PHP 250,000",fourwheelsmotorsmulticabtrucks,Used
Isuzu,"PHP 570,000",boyetski74,Used
Toyota Vios,"PHP 210,000",yahj_17,Used
Subaru XV 2.0i-S CVT PREMIUM AWD Automatic Paddle Shifter,"PHP 585,000",ding64,Used
1k MILEAGE | 2019 CHEVROLET COLORADO LT 2.8 AT DIESEL,"PHP 908,000",nashumali,Used
2012 BMW 118D Automatic Diesel 54tkms! Good Cars Trading,"PHP 920,000",goodcars123,Used
2010 Mitsubishi Adventure GLS Sport Fresh in and out Good Cars Trading,"PHP 420,000",goodcars123,Used
Subaru Forester,"PHP 670,000",goodcars123,Used
Rush 2011 Mitsubishi Montero 25 CRDI GLS 5 Speed AT,"PHP 549,000",bencha_bencha,Used
Toyota Fortuner,"PHP 820,000",goodcars123,Used
2018 SUZUKI SUPER CARRY Manual White,"PHP 450,000",autoboutique,Used
Suzuki Jimny,"PHP 268,000",monlee7592,Used
Toyota Avanza,"PHP 670,000",goodcars123,Used
Hyundai Starex,"PHP 830,000",goodcars123,Used
2009 Toyota Vios E Manual 79tkms Good Cars Trading,"PHP 290,000",goodcars123,Used
2018 Toyota Vios J Manual transmission *44,"PHP 485,000",may_toyotacars1223,Used
2018 Honda 1.6 CRV 9-speed Turbo S Diesel,"PHP 560,000",olxph_741051310,Used
Mitsubishi Montero Sport,"PHP 720,000",amieamul,Used
2013 Honda City 1.5E Automatic Gas,"PHP 418,000",allcarsmnl,Used
Nissan,"PHP 150,000",jpdifs,Used
2003 Ford Escape 4x4 Automatic Fresh in and out Good Cars Trading,"PHP 250,000",goodcars123,Used
RUSH 2007 Hyundai Getz 1.1L GL Manual,"PHP 160,000",benedictyuri,Used
2018 Toyota Yaris 1.3 E Manual Transmission,"PHP 615,000",fatiesimbe,Used
2015 Mitsubishi Adventure GLS Sport 68tkms Good Cars Trading,"PHP 540,000",goodcars123,Used
Kia Carens,"PHP 530,000",gct88,Used
Kia Rio,"PHP 320,000",jeanarada23,Used
Ford Escape,"PHP 200,000",vhemcad,Used
2011 BMW 118D 30tkms! Automatic Diesel Push start Good Cars Trading,"PHP 750,000",goodcars123,Used
1k MILEAGE | 2019 CHEVROLET COLORADO LT 2.8 AT DIESEL,"PHP 908,000",nashumali,Used
Nissan Frontier,"PHP 290,000",heinrichguerrero,Used
2016 Ford Ecosport Trend Automatic 34tkms! Good Cars Trading,"PHP 590,000",goodcars123,Used
2013 Honda City 1.5 E Automatic Gas,"PHP 418,000",nicofaustino,Used
2015 Toyota Vios 1.3 E A/t,"PHP 430,000",msvtengco,Used
Ford Fiesta,"PHP 260,000",goodcars123,Used
2018 SUZUKI SUPER CARRY Manual White,"PHP 450,000",autoboutique,Used
Isuzu Crosswind,"PHP 598,000",goodcars123,Used
2018 Toyota FJ Cruiser 4x4 Automatic 7tkms Good Cars Cars,"PHP 1,770,000",goodcars123,Used
Toyota RAV4,"PHP 450,000",goodcars123,Used
Honda City 2009 Automatic,"PHP 320,000",talensed,Used
2018 Toyota Vios J Manual transmission *44,"PHP 485,000",may_toyotacars1223,Used
2012 Ford Focus Automatic Diesel Good Cars Trading,"PHP 390,000",goodcars123,Used
Mitsubishi Montero Sport 2009 GLS AT,"PHP 525,000",jayvidal,Used
2019 Toyota Innova 2.8E Manual Silver,"PHP 990,000",julietsimbe,Used
Kia Soul,"PHP 328,000",bigmantradingbryan,Used
2012 Mitsubishi Montero 4x4 Black Rhino Mags 87tkms! Good Cars Trading,"PHP 770,000",goodcars123,Used
Assume balance car toyota hilux E 2019 or swap,"PHP 200,000",olxph_511620550,Used
2018 Toyota Yaris 1.3 E Manual Transmission,"PHP 615,000",fatiesimbe,Used
2005 Mitsubishi Pajero CK GLS 4x4 V6 80tkms only Automatic Gasoline,"PHP 550,000",goodcars123,Used
2019 Innova 2.8 Touring Sport,"PHP 1,085,000",09176750603.neilcars88,Used
2009 Mitsubishi Montero GLS Automatic,"PHP 588,000",nashumali,Used
2015 Isuzu XUV Automatic Diesel 53tkms Good Cars Trading,"PHP 720,000",goodcars123,Used
Honda City automatic,"PHP 295,000",olxph_433685303,Used
1k MILEAGE | 2019 CHEVROLET COLORADO LT 2.8 AT DIESEL,"PHP 908,000",nashumali,Used
Ford Ecosport,"PHP 2,000,000",mrmuncada,Used
Hyundai Accent,"PHP 340,000",rvm519,Used
Ford Everest,"PHP 800,000",sheila_sor,Used
Mitsubishi,"PHP 318,000",ryutaro_002,Used
Mitsubishi Pajero,"PHP 1,800,000",jrvvalles,Used
2018 SUZUKI SUPER CARRY Manual White,"PHP 450,000",autoboutique,Used
Mazda 2 AT Skyactiv,"PHP 590,000",fortich_grace,Used
2007 Mitsubishi L300 FB P320k Dual a/c,"PHP 320,000",lyndoncruz,Used
2016 Toyota Vios 1.3E automatic,"PHP 448,000",j.r.u,Used
2017 acquired Mitsubishi Montero Sport GT 4WD Limited,"PHP 1,248,000",mike_cebu,Used
2018 Toyota Vios J Manual transmission *44,"PHP 485,000",may_toyotacars1223,Used
Mitsubishi Montero Sport 2017 GLS Premium Automatic,"PHP 1,370,000",carempire,Used
PHP 125k DP!!! 2013 Honda City 1.5E Automatic Gas,"PHP 418,000",stephenq.allcarsmanila,Used
Mitsubishi Montero Sport,"PHP 660,000",nixma918,Used
Mitsubishi Montero,"PHP 1,198,000",dvo888,Used
Toyota Avanza,"PHP 380,000",weng463800,Used
Mazda 3,"PHP 250,000",jasongarrido,Used
2018 Toyota Yaris 1.3 E Manual Transmission,"PHP 615,000",fatiesimbe,Used
Toyota Vios,"PHP 250,000",olxph_632941467,Used
1997 Mitsubishi L300 fb 45tkms only manual diesel like new best buy,"PHP 195,000",olxph_923561888,Used
Toyota Avanza,"PHP 300,000",jorge_yuson,Used
Toyota Land Cruiser Prado,"PHP 3,273,000",toyota12345,Used
Mitsubishi Lancer,"PHP 175,000",jediforce19,Used
1k MILEAGE | 2019 CHEVROLET COLORADO LT 2.8 AT DIESEL,"PHP 908,000",nashumali,Used
Nissan March,"PHP 155,000",junpro123,Used
Hyundai Santa fe 4x4 crdi diesel santa fe 2012,"PHP 595,000",ugynsee,Used
Hyundai i10 2010,"PHP 195,000",rpabrogar143,Used
Hyundai Elantra,"PHP 550,000",olracrai,Used
RUSH 2017 Ford Ecosport AT Titanium,"PHP 550,000",oiminet,Used
2018 SUZUKI SUPER CARRY Manual White,"PHP 450,000",autoboutique,Used
Nissan Sentra gx ALLpower automatic 2010mdl,"PHP 198,000",zaldss,Used
Isuzu Crosswind,"PHP 285,000",albert2222,Used
Honda Jazz,"PHP 149,000",nominel,Used
Nissan Urvan,"PHP 350,000",bengalayon,Used
2018 Toyota Vios J Manual transmission *44,"PHP 485,000",may_toyotacars1223,Used
2018 Toyota Avanza 1.3E Manual Blue,"PHP 618,000",julietsimbe,Used
2013 Toyota Fortuner G VNT 4x2 Diesel same Mitsubishi Montero Ford Everest Isuzu MUX,"PHP 858,000",marcars_trading,Used
Kia Sportage,"PHP 460,000",franarva,Used
2013 Mitsubishi Montero Sport Diesel AT Under my Name,"PHP 686,000",jhontim,Used
Suzuki Ertiga,"PHP 615,000",olxph_534388881,Used
2011 Ford Escape XLT 4x2 Automatic Gas,"PHP 358,000",raffytelan,Used
2018 Toyota Yaris 1.3 E Manual Transmission,"PHP 615,000",fatiesimbe,Used
Nissan Navara,"PHP 810,000",lucaskimcaampued,Used
2010 Toyota Fortuner G 4x2 Matic Diesel RARE CARS,"PHP 689,000",olxph_334352265,Used
1k MILEAGE | 2019 CHEVROLET COLORADO LT 2.8 AT DIESEL,"PHP 908,000",nashumali,Used
2018 SUZUKI SUPER CARRY Manual White,"PHP 450,000",autoboutique,Used
Honda City,"PHP 350,000",jackiebueza,Used
2018 Toyota Vios E automatic NEWLOOK 7tkm very fresh,"PHP 568,000",marklegaspi,Used
Mitsubishi Montero Sport GLS,"PHP 650,000",jenny1290,Used
Chevrolet Tahoe LTZ not a Suburban Pajero Land Cruiser Patrol Expedition,"PHP 980,000",111sale,Used
toyota vios 2013,"PHP 325,000",olxph_766362704,Used
Ford F Series,"PHP 180,000",kiara_14,Used
Honda City,"PHP 360,000",docaj,Used
2018 Toyota Vios J Manual transmission *44,"PHP 485,000",may_toyotacars1223,Used
2018 Toyota FJ Cruiser 4x4 Automatic 7tkms Good Cars Cars,"PHP 1,770,000",goodcars123,Used
Toyota Avanza,"PHP 450,000",interciti.cagayan,Used
2016 Toyota Hiace Commuter Manual Diesel RARE CARS,"PHP 960,000",olxph_334352265,Used
Mitsubishi Montero Sport,"PHP 670,000",shellagarcia,Used
Rush 2013 Mitsubishi Montero Sport GLS-V 2.5 CRDI AT,"PHP 599,000",bencha_bencha,Used
Chevrolet Colorado,"PHP 900,000",diogago13,Used
2015 honda city vx automatic transmission,"PHP 480,000",suresh_21,Used
Honda City,"PHP 418,000",aprilgay13,Used
2018 Toyota Wigo G A/T,"PHP 408,000",pvmercadocartrading,Used
Suzuki Multicab Long Body FB Type 8 Seater By 4Wheels Motors Best Deal,"PHP 250,000",fourwheelsmotorsmulticabtrucks,Used
2018 Toyota Yaris 1.3 E Manual Transmission,"PHP 615,000",fatiesimbe,Used
Rush 2011 Mitsubishi Montero 25 CRDI GLS 5 Speed AT,"PHP 549,000",bencha_bencha,Used
Mitsubishi Adventure,"PHP 210,000",aiverick18,Used
Mitsubishi Montero Sport,"PHP 720,000",amieamul,Used
1k MILEAGE | 2019 CHEVROLET COLORADO LT 2.8 AT DIESEL,"PHP 908,000",nashumali,Used
2018 SUZUKI SUPER CARRY Manual White,"PHP 450,000",autoboutique,Used
2009 Toyota Fortuner G Automatic Diesel Good Cars Trading,"PHP 690,000",goodcars123,Used
Kia Carens,"PHP 530,000",gct88,Used
2015 Toyota Vios 1.3 E A/t,"PHP 430,000",msvtengco,Used
2003 Ford Escape 4x4 Automatic Fresh in and out Good Cars Trading,"PHP 250,000",goodcars123,Used
Mitsubishi Montero Sport 2009 GLS AT,"PHP 525,000",jayvidal,Used
2015 Kia Picanto EX Automatic 30tkms Good Cars Trading,"PHP 345,000",goodcars123,Used
2016 Toyota Hiace Commuter Manual Diesel RARE CARS,"PHP 960,000",olxph_334352265,Used
2018 Toyota Vios J Manual transmission *44,"PHP 485,000",may_toyotacars1223,Used
Ford Ecosport,"PHP 550,000",goodcars123,Used
Ford Ecosport,"PHP 620,000",goodcars123,Used
2011 Hyundai Santa Fe Automatic Diesel Good Cars Trading,"PHP 550,000",goodcars123,Used
Toyota Vios,"PHP 420,000",ennailacad,Used
Toyota Fortuner,"PHP 695,000",goodcars123,Used
2019 Innova 2.8 Touring Sport,"PHP 1,085,000",09176750603.neilcars88,Used
Rush 2013 Mitsubishi Montero Sport GLS-V 2.5 CRDI AT,"PHP 599,000",bencha_bencha,Used
Toyota Innova,"PHP 970,000",goodcars123,Used
Mitsubishi,"PHP 318,000",ryutaro_002,Used
Mitsubishi Adventure,"PHP 170,000",cabarlerenzo,Used
2018 Toyota Yaris 1.3 E Manual Transmission,"PHP 615,000",fatiesimbe,Used
Honda Jazz,"PHP 420,000",goodcars123,Used
PHP 125k DP!!! 2013 Honda City 1.5E Automatic Gas,"PHP 418,000",stephenq.allcarsmanila,Used
2015 honda city vx automatic transmission,"PHP 480,000",suresh_21,Used
2011 BMW 118D 30tkms! Automatic Diesel Push start Good Cars Trading,"PHP 848,000",goodcars123,Used
1997 Mitsubishi L300 fb 45tkms only manual diesel like new best buy,"PHP 195,000",olxph_923561888,Used
Hyundai Santa Fe,"PHP 555,000",kenjie1130,Used
1k MILEAGE | 2019 CHEVROLET COLORADO LT 2.8 AT DIESEL,"PHP 908,000",nashumali,Used
2014 Mitsubishi Montero GLX Automatic Diesel 39tkms Good Cars Trading,"PHP 790,000",goodcars123,Used
2014 Ford Fiesta S Ecoboost Push start Automatic Good Cars Trading,"PHP 370,000",goodcars123,Used
2013 Honda City Manual 37tkms only! Good Cars Trading,"PHP 398,000",goodcars123,Used
Honda City,"PHP 418,000",aprilgay13,Used
Hyundai Elantra,"PHP 550,000",olracrai,Used
2018 SUZUKI SUPER CARRY Manual White,"PHP 450,000",autoboutique,Used
2012 Honda Civic Automatic 1.8 S Good Cars Trading,"PHP 468,000",goodcars123,Used
2015 Toyota Vios E Manual,"PHP 388,000",mechico,Used
2013 Toyota Fortuner G VNT 4x2 Diesel same Mitsubishi Montero Ford Everest Isuzu MUX,"PHP 858,000",marcars_trading,Used
2010 Toyota Fortuner G 4x2 Matic Diesel RARE CARS,"PHP 689,000",olxph_334352265,Used
2018 Toyota Vios J Manual transmission *44,"PHP 485,000",may_toyotacars1223,Used
2003 Honda CRV Automatic Good Cars Trading,"PHP 320,000",goodcars123,Used
2018 Toyota Wigo G A/T,"PHP 408,000",pvmercadocartrading,Used
"2016 Ford Ecosport Trend AT gas P558,000üî•üî•üî• üëçCASH,BANK FINANCING, TRADE IN Sample Computation P167,400 dp 15,208 3years 12,392 4years *chattel and insurance not included","PHP 558,000",emilieansaldo,Used
Toyota Hilux,"PHP 890,000",sobarney,Used
2014 Honda Accord Top of the Line Push start Sunroof Good Cars Trading,"PHP 970,000",goodcars123,Used
2006 Mitsubishi Pajero Fieldmaster Automatic Diesel Good Cars Trading,"PHP 590,000",goodcars123,Used
2018 Toyota Yaris 1.3 E Manual Transmission,"PHP 615,000",fatiesimbe,Used
2015 Ford Ecosport Trend Automatic 28tkms only Good Cars Trading,"PHP 570,000",goodcars123,Used
Suzuki Multicab Long Body FB Type 8 Seater By 4Wheels Motors Best Deal,"PHP 250,000",fourwheelsmotorsmulticabtrucks,Used
Isuzu,"PHP 570,000",boyetski74,Used
Toyota Vios,"PHP 210,000",yahj_17,Used
Subaru XV 2.0i-S CVT PREMIUM AWD Automatic Paddle Shifter,"PHP 585,000",ding64,Used
1k MILEAGE | 2019 CHEVROLET COLORADO LT 2.8 AT DIESEL,"PHP 908,000",nashumali,Used
2012 BMW 118D Automatic Diesel 54tkms! Good Cars Trading,"PHP 920,000",goodcars123,Used
2010 Mitsubishi Adventure GLS Sport Fresh in and out Good Cars Trading,"PHP 420,000",goodcars123,Used
Subaru Forester,"PHP 670,000",goodcars123,Used
Rush 2011 Mitsubishi Montero 25 CRDI GLS 5 Speed AT,"PHP 549,000",bencha_bencha,Used
Toyota Fortuner,"PHP 820,000",goodcars123,Used
2018 SUZUKI SUPER CARRY Manual White,"PHP 450,000",autoboutique,Used
Suzuki Jimny,"PHP 268,000",monlee7592,Used
Toyota Avanza,"PHP 670,000",goodcars123,Used
Hyundai Starex,"PHP 830,000",goodcars123,Used
2009 Toyota Vios E Manual 79tkms Good Cars Trading,"PHP 290,000",goodcars123,Used
2018 Toyota Vios J Manual transmission *44,"PHP 485,000",may_toyotacars1223,Used
2018 Honda 1.6 CRV 9-speed Turbo S Diesel,"PHP 560,000",olxph_741051310,Used
Mitsubishi Montero Sport,"PHP 720,000",amieamul,Used
2013 Honda City 1.5E Automatic Gas,"PHP 418,000",allcarsmnl,Used
Nissan,"PHP 150,000",jpdifs,Used
2003 Ford Escape 4x4 Automatic Fresh in and out Good Cars Trading,"PHP 250,000",goodcars123,Used
RUSH 2007 Hyundai Getz 1.1L GL Manual,"PHP 160,000",benedictyuri,Used
2018 Toyota Yaris 1.3 E Manual Transmission,"PHP 615,000",fatiesimbe,Used
2015 Mitsubishi Adventure GLS Sport 68tkms Good Cars Trading,"PHP 540,000",goodcars123,Used
Kia Carens,"PHP 530,000",gct88,Used
Kia Rio,"PHP 320,000",jeanarada23,Used
Ford Escape,"PHP 200,000",vhemcad,Used
2011 BMW 118D 30tkms! Automatic Diesel Push start Good Cars Trading,"PHP 750,000",goodcars123,Used
1k MILEAGE | 2019 CHEVROLET COLORADO LT 2.8 AT DIESEL,"PHP 908,000",nashumali,Used
Nissan Frontier,"PHP 290,000",heinrichguerrero,Used
2016 Ford Ecosport Trend Automatic 34tkms! Good Cars Trading,"PHP 590,000",goodcars123,Used
2013 Honda City 1.5 E Automatic Gas,"PHP 418,000",nicofaustino,Used
2015 Toyota Vios 1.3 E A/t,"PHP 430,000",msvtengco,Used
Ford Fiesta,"PHP 260,000",goodcars123,Used
2018 SUZUKI SUPER CARRY Manual White,"PHP 450,000",autoboutique,Used
Isuzu Crosswind,"PHP 598,000",goodcars123,Used
2018 Toyota FJ Cruiser 4x4 Automatic 7tkms Good Cars Cars,"PHP 1,770,000",goodcars123,Used
Toyota RAV4,"PHP 450,000",goodcars123,Used
Honda City 2009 Automatic,"PHP 320,000",talensed,Used
2018 Toyota Vios J Manual transmission *44,"PHP 485,000",may_toyotacars1223,Used
2012 Ford Focus Automatic Diesel Good Cars Trading,"PHP 390,000",goodcars123,Used
Mitsubishi Montero Sport 2009 GLS AT,"PHP 525,000",jayvidal,Used
2019 Toyota Innova 2.8E Manual Silver,"PHP 990,000",julietsimbe,Used
Kia Soul,"PHP 328,000",bigmantradingbryan,Used
2012 Mitsubishi Montero 4x4 Black Rhino Mags 87tkms! Good Cars Trading,"PHP 770,000",goodcars123,Used
Assume balance car toyota hilux E 2019 or swap,"PHP 200,000",olxph_511620550,Used
2018 Toyota Yaris 1.3 E Manual Transmission,"PHP 615,000",fatiesimbe,Used
2005 Mitsubishi Pajero CK GLS 4x4 V6 80tkms only Automatic Gasoline,"PHP 550,000",goodcars123,Used
2019 Innova 2.8 Touring Sport,"PHP 1,085,000",09176750603.neilcars88,Used
2009 Mitsubishi Montero GLS Automatic,"PHP 588,000",nashumali,Used
2015 Isuzu XUV Automatic Diesel 53tkms Good Cars Trading,"PHP 720,000",goodcars123,Used
Honda City automatic,"PHP 295,000",olxph_433685303,Used
1k MILEAGE | 2019 CHEVROLET COLORADO LT 2.8 AT DIESEL,"PHP 908,000",nashumali,Used
Ford Ecosport,"PHP 2,000,000",mrmuncada,Used
Hyundai Accent,"PHP 340,000",rvm519,Used
Ford Everest,"PHP 800,000",sheila_sor,Used
Mitsubishi,"PHP 318,000",ryutaro_002,Used
Mitsubishi Pajero,"PHP 1,800,000",jrvvalles,Used
2018 SUZUKI SUPER CARRY Manual White,"PHP 450,000",autoboutique,Used
Mazda 2 AT Skyactiv,"PHP 590,000",fortich_grace,Used
2007 Mitsubishi L300 FB P320k Dual a/c,"PHP 320,000",lyndoncruz,Used
2016 Toyota Vios 1.3E automatic,"PHP 448,000",j.r.u,Used
2017 acquired Mitsubishi Montero Sport GT 4WD Limited,"PHP 1,248,000",mike_cebu,Used
2018 Toyota Vios J Manual transmission *44,"PHP 485,000",may_toyotacars1223,Used
Mitsubishi Montero Sport 2017 GLS Premium Automatic,"PHP 1,370,000",carempire,Used
PHP 125k DP!!! 2013 Honda City 1.5E Automatic Gas,"PHP 418,000",stephenq.allcarsmanila,Used
Mitsubishi Montero Sport,"PHP 660,000",nixma918,Used
Mitsubishi Montero,"PHP 1,198,000",dvo888,Used
Toyota Avanza,"PHP 380,000",weng463800,Used
Mazda 3,"PHP 250,000",jasongarrido,Used
2018 Toyota Yaris 1.3 E Manual Transmission,"PHP 615,000",fatiesimbe,Used
Toyota Vios,"PHP 250,000",olxph_632941467,Used
1997 Mitsubishi L300 fb 45tkms only manual diesel like new best buy,"PHP 195,000",olxph_923561888,Used
Toyota Avanza,"PHP 300,000",jorge_yuson,Used
Toyota Land Cruiser Prado,"PHP 3,273,000",toyota12345,Used
Mitsubishi Lancer,"PHP 175,000",jediforce19,Used
1k MILEAGE | 2019 CHEVROLET COLORADO LT 2.8 AT DIESEL,"PHP 908,000",nashumali,Used
Nissan March,"PHP 155,000",junpro123,Used
Hyundai Santa fe 4x4 crdi diesel santa fe 2012,"PHP 595,000",ugynsee,Used
Hyundai i10 2010,"PHP 195,000",rpabrogar143,Used
Hyundai Elantra,"PHP 550,000",olracrai,Used
RUSH 2017 Ford Ecosport AT Titanium,"PHP 550,000",oiminet,Used
2018 SUZUKI SUPER CARRY Manual White,"PHP 450,000",autoboutique,Used
Nissan Sentra gx ALLpower automatic 2010mdl,"PHP 198,000",zaldss,Used
Isuzu Crosswind,"PHP 285,000",albert2222,Used
Honda Jazz,"PHP 149,000",nominel,Used
Nissan Urvan,"PHP 350,000",bengalayon,Used
2018 Toyota Vios J Manual transmission *44,"PHP 485,000",may_toyotacars1223,Used
2018 Toyota Avanza 1.3E Manual Blue,"PHP 618,000",julietsimbe,Used
2013 Toyota Fortuner G VNT 4x2 Diesel same Mitsubishi Montero Ford Everest Isuzu MUX,"PHP 858,000",marcars_trading,Used
Kia Sportage,"PHP 460,000",franarva,Used
2013 Mitsubishi Montero Sport Diesel AT Under my Name,"PHP 686,000",jhontim,Used
Suzuki Ertiga,"PHP 615,000",olxph_534388881,Used
2011 Ford Escape XLT 4x2 Automatic Gas,"PHP 358,000",raffytelan,Used
2018 Toyota Yaris 1.3 E Manual Transmission,"PHP 615,000",fatiesimbe,Used
Nissan Navara,"PHP 810,000",lucaskimcaampued,Used
2010 Toyota Fortuner G 4x2 Matic Diesel RARE CARS,"PHP 689,000",olxph_334352265,Used
2020 Nissan NV350 Urvan 2.5L MT Van,"PHP 28,000",olxph_807224177,Used
Nissan Terra,"PHP 1,819,000",olxph_807224177,Used
2020 Nisaan NP300 Navara 2.5L EL 4x2 Calibre 7AT,"PHP 1,079,000",olxph_807224177,Used
1k MILEAGE | 2019 CHEVROLET COLORADO LT 2.8 AT DIESEL,"PHP 908,000",nashumali,Used
2018 Suzuki Ertiga 1.4L AUTOMATIC GRAB READY for price of 2017 2019 innova avanza adventure crosswind rush expander,"PHP 648,000",carlaneautosales,Used
"2015 Toyota Fortuner 2.7G VVTi 4x2 Automatic Gas Black Edition Showroom Price: Php 896,000 Online Price: Php 858,000 Financing Accepted Trade-in Accepted Financing Computation 30%DP: P 257,400 *Chattel Fee and Insurance NOT included","PHP 858,000",emilieansaldo,Used
Toyota Innova G 2012 Matic Gas Easy2Maintain LikeNew,"PHP 519,000",r1victor23,Used
"2016 Ford Ecosport Trend AT gas P558,000üî•üî•üî• üëçCASH,BANK FINANCING, TRADE IN Sample Computation P167,400 dp 15,208 3years 12,392 4years *chattel and insurance not included","PHP 558,000",emilieansaldo,Used
Mitsubishi Lancer,"PHP 35,000",princesspacoma,Used
2018 SUZUKI SUPER CARRY Manual White,"PHP 450,000",autoboutique,Used
Ford Ranger,"PHP 600,000",eightyninner89,Used
Mitsubishi Strada,"PHP 160,000",joshuazamora,Used
Toyota FJ Cruiser,"PHP 700,000",nellamae,Used
Honda Civic 2008 AT 18v RUSH 275k,"PHP 275,000",sdlog,Used
2018 Toyota Vios J Manual transmission *44,"PHP 485,000",may_toyotacars1223,Used
Kia Carnival 2011 Crdi Automatic,"PHP 475,000",ludwig82,Used
Isuzu,"PHP 570,000",boyetski74,Used
Chevrolet Optra,"PHP 189,000",angelesking,Used
Subaru Impreza 2008 FASTBREAK FASTBREAK,"PHP 350,000",chanoluxuria,Used
Ford Fiesta,"PHP 380,000",mdlco,Used
22k Orig ODO FORD CASA RECORDS 2015 Ford Expedition Platinum Ecoboost V6 Gas Automatic,"PHP 2,308,000",kevinugarte,Used
2018 Toyota Yaris 1.3 E Manual Transmission,"PHP 615,000",fatiesimbe,Used
2014 Nissan Navara GTX 4x4 Diesel Manual,"PHP 718,000",kevinugarte,Used
Toyota Vios,"PHP 210,000",yahj_17,Used
1k MILEAGE | 2019 CHEVROLET COLORADO LT 2.8 AT DIESEL,"PHP 908,000",nashumali,Used
2018 SUZUKI SUPER CARRY Manual White,"PHP 450,000",autoboutique,Used
Honda City,"PHP 350,000",jackiebueza,Used
2018 Toyota Vios E automatic NEWLOOK 7tkm very fresh,"PHP 568,000",marklegaspi,Used
Mitsubishi Montero Sport GLS,"PHP 650,000",jenny1290,Used
Chevrolet Tahoe LTZ not a Suburban Pajero Land Cruiser Patrol Expedition,"PHP 980,000",111sale,Used
toyota vios 2013,"PHP 325,000",olxph_766362704,Used
Ford F Series,"PHP 180,000",kiara_14,Used
Honda City,"PHP 360,000",docaj,Used
2018 Toyota Vios J Manual transmission *44,"PHP 485,000",may_toyotacars1223,Used
2018 Toyota FJ Cruiser 4x4 Automatic 7tkms Good Cars Cars,"PHP 1,770,000",goodcars123,Used
Toyota Avanza,"PHP 450,000",interciti.cagayan,Used
2016 Toyota Hiace Commuter Manual Diesel RARE CARS,"PHP 960,000",olxph_334352265,Used
Mitsubishi Montero Sport,"PHP 670,000",shellagarcia,Used
Rush 2013 Mitsubishi Montero Sport GLS-V 2.5 CRDI AT,"PHP 599,000",bencha_bencha,Used
Chevrolet Colorado,"PHP 900,000",diogago13,Used
2015 honda city vx automatic transmission,"PHP 480,000",suresh_21,Used
Honda City,"PHP 418,000",aprilgay13,Used
2018 Toyota Wigo G A/T,"PHP 408,000",pvmercadocartrading,Used
Suzuki Multicab Long Body FB Type 8 Seater By 4Wheels Motors Best Deal,"PHP 250,000",fourwheelsmotorsmulticabtrucks,Used
2018 Toyota Yaris 1.3 E Manual Transmission,"PHP 615,000",fatiesimbe,Used
Rush 2011 Mitsubishi Montero 25 CRDI GLS 5 Speed AT,"PHP 549,000",bencha_bencha,Used
Mitsubishi Adventure,"PHP 210,000",aiverick18,Used
Mitsubishi Montero Sport,"PHP 720,000",amieamul,Used
1k MILEAGE | 2019 CHEVROLET COLORADO LT 2.8 AT DIESEL,"PHP 908,000",nashumali,Used
2018 SUZUKI SUPER CARRY Manual White,"PHP 450,000",autoboutique,Used
2009 Toyota Fortuner G Automatic Diesel Good Cars Trading,"PHP 690,000",goodcars123,Used
Kia Carens,"PHP 530,000",gct88,Used
2015 Toyota Vios 1.3 E A/t,"PHP 430,000",msvtengco,Used
2003 Ford Escape 4x4 Automatic Fresh in and out Good Cars Trading,"PHP 250,000",goodcars123,Used
Mitsubishi Montero Sport 2009 GLS AT,"PHP 525,000",jayvidal,Used
2015 Kia Picanto EX Automatic 30tkms Good Cars Trading,"PHP 345,000",goodcars123,Used
2016 Toyota Hiace Commuter Manual Diesel RARE CARS,"PHP 960,000",olxph_334352265,Used
2018 Toyota Vios J Manual transmission *44,"PHP 485,000",may_toyotacars1223,Used
Ford Ecosport,"PHP 550,000",goodcars123,Used
Ford Ecosport,"PHP 620,000",goodcars123,Used
2011 Hyundai Santa Fe Automatic Diesel Good Cars Trading,"PHP 550,000",goodcars123,Used
Toyota Vios,"PHP 420,000",ennailacad,Used
Toyota Fortuner,"PHP 695,000",goodcars123,Used
2019 Innova 2.8 Touring Sport,"PHP 1,085,000",09176750603.neilcars88,Used
Rush 2013 Mitsubishi Montero Sport GLS-V 2.5 CRDI AT,"PHP 599,000",bencha_bencha,Used
Toyota Innova,"PHP 970,000",goodcars123,Used
Mitsubishi,"PHP 318,000",ryutaro_002,Used
Mitsubishi Adventure,"PHP 170,000",cabarlerenzo,Used
2018 Toyota Yaris 1.3 E Manual Transmission,"PHP 615,000",fatiesimbe,Used
Honda Jazz,"PHP 420,000",goodcars123,Used
PHP 125k DP!!! 2013 Honda City 1.5E Automatic Gas,"PHP 418,000",stephenq.allcarsmanila,Used
2015 honda city vx automatic transmission,"PHP 480,000",suresh_21,Used
2011 BMW 118D 30tkms! Automatic Diesel Push start Good Cars Trading,"PHP 848,000",goodcars123,Used
1997 Mitsubishi L300 fb 45tkms only manual diesel like new best buy,"PHP 195,000",olxph_923561888,Used
Hyundai Santa Fe,"PHP 555,000",kenjie1130,Used
1k MILEAGE | 2019 CHEVROLET COLORADO LT 2.8 AT DIESEL,"PHP 908,000",nashumali,Used
2014 Mitsubishi Montero GLX Automatic Diesel 39tkms Good Cars Trading,"PHP 790,000",goodcars123,Used
2014 Ford Fiesta S Ecoboost Push start Automatic Good Cars Trading,"PHP 370,000",goodcars123,Used
2013 Honda City Manual 37tkms only! Good Cars Trading,"PHP 398,000",goodcars123,Used
Honda City,"PHP 418,000",aprilgay13,Used
Hyundai Elantra,"PHP 550,000",olracrai,Used
2018 SUZUKI SUPER CARRY Manual White,"PHP 450,000",autoboutique,Used
2012 Honda Civic Automatic 1.8 S Good Cars Trading,"PHP 468,000",goodcars123,Used
2015 Toyota Vios E Manual,"PHP 388,000",mechico,Used
2013 Toyota Fortuner G VNT 4x2 Diesel same Mitsubishi Montero Ford Everest Isuzu MUX,"PHP 858,000",marcars_trading,Used
2010 Toyota Fortuner G 4x2 Matic Diesel RARE CARS,"PHP 689,000",olxph_334352265,Used
2018 Toyota Vios J Manual transmission *44,"PHP 485,000",may_toyotacars1223,Used
2003 Honda CRV Automatic Good Cars Trading,"PHP 320,000",goodcars123,Used
2018 Toyota Wigo G A/T,"PHP 408,000",pvmercadocartrading,Used
"2016 Ford Ecosport Trend AT gas P558,000üî•üî•üî• üëçCASH,BANK FINANCING, TRADE IN Sample Computation P167,400 dp 15,208 3years 12,392 4years *chattel and insurance not included","PHP 558,000",emilieansaldo,Used
Toyota Hilux,"PHP 890,000",sobarney,Used
2014 Honda Accord Top of the Line Push start Sunroof Good Cars Trading,"PHP 970,000",goodcars123,Used
2006 Mitsubishi Pajero Fieldmaster Automatic Diesel Good Cars Trading,"PHP 590,000",goodcars123,Used
2018 Toyota Yaris 1.3 E Manual Transmission,"PHP 615,000",fatiesimbe,Used
2015 Ford Ecosport Trend Automatic 28tkms only Good Cars Trading,"PHP 570,000",goodcars123,Used
Suzuki Multicab Long Body FB Type 8 Seater By 4Wheels Motors Best Deal,"PHP 250,000",fourwheelsmotorsmulticabtrucks,Used
Isuzu,"PHP 570,000",boyetski74,Used
Toyota Vios,"PHP 210,000",yahj_17,Used
Subaru XV 2.0i-S CVT PREMIUM AWD Automatic Paddle Shifter,"PHP 585,000",ding64,Used
1k MILEAGE | 2019 CHEVROLET COLORADO LT 2.8 AT DIESEL,"PHP 908,000",nashumali,Used
2012 BMW 118D Automatic Diesel 54tkms! Good Cars Trading,"PHP 920,000",goodcars123,Used
2010 Mitsubishi Adventure GLS Sport Fresh in and out Good Cars Trading,"PHP 420,000",goodcars123,Used
Subaru Forester,"PHP 670,000",goodcars123,Used
Rush 2011 Mitsubishi Montero 25 CRDI GLS 5 Speed AT,"PHP 549,000",bencha_bencha,Used
Toyota Fortuner,"PHP 820,000",goodcars123,Used
2018 SUZUKI SUPER CARRY Manual White,"PHP 450,000",autoboutique,Used
Suzuki Jimny,"PHP 268,000",monlee7592,Used
Toyota Avanza,"PHP 670,000",goodcars123,Used
Hyundai Starex,"PHP 830,000",goodcars123,Used
2009 Toyota Vios E Manual 79tkms Good Cars Trading,"PHP 290,000",goodcars123,Used
2018 Toyota Vios J Manual transmission *44,"PHP 485,000",may_toyotacars1223,Used
2018 Honda 1.6 CRV 9-speed Turbo S Diesel,"PHP 560,000",olxph_741051310,Used
Mitsubishi Montero Sport,"PHP 720,000",amieamul,Used
2013 Honda City 1.5E Automatic Gas,"PHP 418,000",allcarsmnl,Used
Nissan,"PHP 150,000",jpdifs,Used
2003 Ford Escape 4x4 Automatic Fresh in and out Good Cars Trading,"PHP 250,000",goodcars123,Used
RUSH 2007 Hyundai Getz 1.1L GL Manual,"PHP 160,000",benedictyuri,Used
2018 Toyota Yaris 1.3 E Manual Transmission,"PHP 615,000",fatiesimbe,Used
2015 Mitsubishi Adventure GLS Sport 68tkms Good Cars Trading,"PHP 540,000",goodcars123,Used
Kia Carens,"PHP 530,000",gct88,Used
Kia Rio,"PHP 320,000",jeanarada23,Used
Ford Escape,"PHP 200,000",vhemcad,Used
2011 BMW 118D 30tkms! Automatic Diesel Push start Good Cars Trading,"PHP 750,000",goodcars123,Used
1k MILEAGE | 2019 CHEVROLET COLORADO LT 2.8 AT DIESEL,"PHP 908,000",nashumali,Used
Nissan Frontier,"PHP 290,000",heinrichguerrero,Used
2016 Ford Ecosport Trend Automatic 34tkms! Good Cars Trading,"PHP 590,000",goodcars123,Used
2013 Honda City 1.5 E Automatic Gas,"PHP 418,000",nicofaustino,Used
2015 Toyota Vios 1.3 E A/t,"PHP 430,000",msvtengco,Used
Ford Fiesta,"PHP 260,000",goodcars123,Used
2018 SUZUKI SUPER CARRY Manual White,"PHP 450,000",autoboutique,Used
Isuzu Crosswind,"PHP 598,000",goodcars123,Used
2018 Toyota FJ Cruiser 4x4 Automatic 7tkms Good Cars Cars,"PHP 1,770,000",goodcars123,Used
Toyota RAV4,"PHP 450,000",goodcars123,Used
Honda City 2009 Automatic,"PHP 320,000",talensed,Used
2018 Toyota Vios J Manual transmission *44,"PHP 485,000",may_toyotacars1223,Used
2012 Ford Focus Automatic Diesel Good Cars Trading,"PHP 390,000",goodcars123,Used
Mitsubishi Montero Sport 2009 GLS AT,"PHP 525,000",jayvidal,Used
2019 Toyota Innova 2.8E Manual Silver,"PHP 990,000",julietsimbe,Used
Kia Soul,"PHP 328,000",bigmantradingbryan,Used
2012 Mitsubishi Montero 4x4 Black Rhino Mags 87tkms! Good Cars Trading,"PHP 770,000",goodcars123,Used
Assume balance car toyota hilux E 2019 or swap,"PHP 200,000",olxph_511620550,Used
2018 Toyota Yaris 1.3 E Manual Transmission,"PHP 615,000",fatiesimbe,Used
2005 Mitsubishi Pajero CK GLS 4x4 V6 80tkms only Automatic Gasoline,"PHP 550,000",goodcars123,Used
2019 Innova 2.8 Touring Sport,"PHP 1,085,000",09176750603.neilcars88,Used
2009 Mitsubishi Montero GLS Automatic,"PHP 588,000",nashumali,Used
2015 Isuzu XUV Automatic Diesel 53tkms Good Cars Trading,"PHP 720,000",goodcars123,Used
Honda City automatic,"PHP 295,000",olxph_433685303,Used
1k MILEAGE | 2019 CHEVROLET COLORADO LT 2.8 AT DIESEL,"PHP 908,000",nashumali,Used
Ford Ecosport,"PHP 2,000,000",mrmuncada,Used
Hyundai Accent,"PHP 340,000",rvm519,Used
Ford Everest,"PHP 800,000",sheila_sor,Used
Mitsubishi,"PHP 318,000",ryutaro_002,Used
Mitsubishi Pajero,"PHP 1,800,000",jrvvalles,Used
2018 SUZUKI SUPER CARRY Manual White,"PHP 450,000",autoboutique,Used
Mazda 2 AT Skyactiv,"PHP 590,000",fortich_grace,Used
2007 Mitsubishi L300 FB P320k Dual a/c,"PHP 320,000",lyndoncruz,Used
2016 Toyota Vios 1.3E automatic,"PHP 448,000",j.r.u,Used
2017 acquired Mitsubishi Montero Sport GT 4WD Limited,"PHP 1,248,000",mike_cebu,Used
2018 Toyota Vios J Manual transmission *44,"PHP 485,000",may_toyotacars1223,Used
Mitsubishi Montero Sport 2017 GLS Premium Automatic,"PHP 1,370,000",carempire,Used
PHP 125k DP!!! 2013 Honda City 1.5E Automatic Gas,"PHP 418,000",stephenq.allcarsmanila,Used
Mitsubishi Montero Sport,"PHP 660,000",nixma918,Used
Mitsubishi Montero,"PHP 1,198,000",dvo888,Used
Toyota Avanza,"PHP 380,000",weng463800,Used
Mazda 3,"PHP 250,000",jasongarrido,Used
2018 Toyota Yaris 1.3 E Manual Transmission,"PHP 615,000",fatiesimbe,Used
Toyota Vios,"PHP 250,000",olxph_632941467,Used
1997 Mitsubishi L300 fb 45tkms only manual diesel like new best buy,"PHP 195,000",olxph_923561888,Used
Toyota Avanza,"PHP 300,000",jorge_yuson,Used
Toyota Land Cruiser Prado,"PHP 3,273,000",toyota12345,Used
Mitsubishi Lancer,"PHP 175,000",jediforce19,Used
1k MILEAGE | 2019 CHEVROLET COLORADO LT 2.8 AT DIESEL,"PHP 908,000",nashumali,Used
Nissan March,"PHP 155,000",junpro123,Used
Hyundai Santa fe 4x4 crdi diesel santa fe 2012,"PHP 595,000",ugynsee,Used
Hyundai i10 2010,"PHP 195,000",rpabrogar143,Used
Hyundai Elantra,"PHP 550,000",olracrai,Used
RUSH 2017 Ford Ecosport AT Titanium,"PHP 550,000",oiminet,Used
2018 SUZUKI SUPER CARRY Manual White,"PHP 450,000",autoboutique,Used
Nissan Sentra gx ALLpower automatic 2010mdl,"PHP 198,000",zaldss,Used
Isuzu Crosswind,"PHP 285,000",albert2222,Used
Honda Jazz,"PHP 149,000",nominel,Used
Nissan Urvan,"PHP 350,000",bengalayon,Used
2018 Toyota Vios J Manual transmission *44,"PHP 485,000",may_toyotacars1223,Used
2018 Toyota Avanza 1.3E Manual Blue,"PHP 618,000",julietsimbe,Used
2013 Toyota Fortuner G VNT 4x2 Diesel same Mitsubishi Montero Ford Everest Isuzu MUX,"PHP 858,000",marcars_trading,Used
Kia Sportage,"PHP 460,000",franarva,Used
2013 Mitsubishi Montero Sport Diesel AT Under my Name,"PHP 686,000",jhontim,Used
Suzuki Ertiga,"PHP 615,000",olxph_534388881,Used
2011 Ford Escape XLT 4x2 Automatic Gas,"PHP 358,000",raffytelan,Used
2018 Toyota Yaris 1.3 E Manual Transmission,"PHP 615,000",fatiesimbe,Used
Nissan Navara,"PHP 810,000",lucaskimcaampued,Used
2010 Toyota Fortuner G 4x2 Matic Diesel RARE CARS,"PHP 689,000",olxph_334352265,Used
2020 Nissan NV350 Urvan 2.5L MT Van,"PHP 28,000",olxph_807224177,Used
Nissan Terra,"PHP 1,819,000",olxph_807224177,Used
2020 Nisaan NP300 Navara 2.5L EL 4x2 Calibre 7AT,"PHP 1,079,000",olxph_807224177,Used
1k MILEAGE | 2019 CHEVROLET COLORADO LT 2.8 AT DIESEL,"PHP 908,000",nashumali,Used
2018 Suzuki Ertiga 1.4L AUTOMATIC GRAB READY for price of 2017 2019 innova avanza adventure crosswind rush expander,"PHP 648,000",carlaneautosales,Used
"2015 Toyota Fortuner 2.7G VVTi 4x2 Automatic Gas Black Edition Showroom Price: Php 896,000 Online Price: Php 858,000 Financing Accepted Trade-in Accepted Financing Computation 30%DP: P 257,400 *Chattel Fee and Insurance NOT included","PHP 858,000",emilieansaldo,Used
Toyota Innova G 2012 Matic Gas Easy2Maintain LikeNew,"PHP 519,000",r1victor23,Used
"2016 Ford Ecosport Trend AT gas P558,000üî•üî•üî• üëçCASH,BANK FINANCING, TRADE IN Sample Computation P167,400 dp 15,208 3years 12,392 4years *chattel and insurance not included","PHP 558,000",emilieansaldo,Used
Mitsubishi Lancer,"PHP 35,000",princesspacoma,Used
2018 SUZUKI SUPER CARRY Manual White,"PHP 450,000",autoboutique,Used
Ford Ranger,"PHP 600,000",eightyninner89,Used
Mitsubishi Strada,"PHP 160,000",joshuazamora,Used
Toyota FJ Cruiser,"PHP 700,000",nellamae,Used
Honda Civic 2008 AT 18v RUSH 275k,"PHP 275,000",sdlog,Used
2018 Toyota Vios J Manual transmission *44,"PHP 485,000",may_toyotacars1223,Used
Kia Carnival 2011 Crdi Automatic,"PHP 475,000",ludwig82,Used
Isuzu,"PHP 570,000",boyetski74,Used
Chevrolet Optra,"PHP 189,000",angelesking,Used
Subaru Impreza 2008 FASTBREAK FASTBREAK,"PHP 350,000",chanoluxuria,Used
Ford Fiesta,"PHP 380,000",mdlco,Used
22k Orig ODO FORD CASA RECORDS 2015 Ford Expedition Platinum Ecoboost V6 Gas Automatic,"PHP 2,308,000",kevinugarte,Used
2018 Toyota Yaris 1.3 E Manual Transmission,"PHP 615,000",fatiesimbe,Used
2014 Nissan Navara GTX 4x4 Diesel Manual,"PHP 718,000",kevinugarte,Used
Toyota Vios,"PHP 210,000",yahj_17,Used
Toyota Altis 2005 matic 1.6E,"PHP 190,000",olxph_724853682,Used
"Php 16,688 ONLY! 2014 Chevrolet Trailblazer 4x2 LT Automatic Diesel 1 Day Financing Approval","PHP 768,000",kevinugarte,Used
Toyota Vios Automatic 1.3E,"PHP 350,000",1st.enterprise.inc,Used
1k MILEAGE | 2019 CHEVROLET COLORADO LT 2.8 AT DIESEL,"PHP 908,000",nashumali,Used
Toyota Corolla,"PHP 170,000",bhellangel,Used
2017 Toyota Fortuner 4x2 G Diesel Manual,"PHP 1,088,000",kevinugarte,Used
Isuzu MU-X,"PHP 865,000",olxph_938383372,Used
Suzuki Jimny,"PHP 268,000",monlee7592,Used
2014 Honda Accord 26t kms alt 2015 2016 camry civic rs crv rav4 forester fortuner montero,"PHP 850,000",peter09165089910,Used
2018 SUZUKI SUPER CARRY Manual White,"PHP 450,000",autoboutique,Used
Toyota Corolla GLI automatic financing ok,"PHP 140,000",olxph_926875144,Used
2018 Toyota Altis 1.6 V Automatic Black,"PHP 880,000",jamesbucaneg,Used
Mitsubishi Strada Vs HiLux Navara Ranger,"PHP 698,000",kotsemar2,Used
Toyota Corolla gli automatic financing ok,"PHP 135,000",09178019397,Used
2018 Toyota Vios J Manual transmission *44,"PHP 485,000",may_toyotacars1223,Used
Toyota Corolla,"PHP 130,000",geroasc,Used
2018 Honda 1.6 CRV 9-speed Turbo S Diesel,"PHP 560,000",olxph_741051310,Used
"Php 25,052 ONLY! 2017 Toyota Fortuner 4x2 G Diesel Manual 1 Day Financing Approval","PHP 1,088,000",kevinugarte,Used
Toyota Hilux,"PHP 500,000",raygergabe,Used
"Php 13,429 ONLY! 2015 Honda Civic 1.8 FB2 Automatic Gas 1 Day Financing Approval","PHP 618,000",kevinugarte,Used
Hyundai H100,"PHP 390,000",drian25,Used
2018 Toyota Yaris 1.3 E Manual Transmission,"PHP 615,000",fatiesimbe,Used
Toyota Yaris 2016 1.5 G Automatic TOP OF THE LINE NOTHING TO FIX LOW DO LOW MONTHLY,"PHP 508,000",kevinugarte,Used
Ford Escape,"PHP 200,000",vhemcad,Used
1k MILEAGE | 2019 CHEVROLET COLORADO LT 2.8 AT DIESEL,"PHP 908,000",nashumali,Used
2018 SUZUKI SUPER CARRY Manual White,"PHP 450,000",autoboutique,Used
Honda City,"PHP 350,000",jackiebueza,Used
2018 Toyota Vios E automatic NEWLOOK 7tkm very fresh,"PHP 568,000",marklegaspi,Used
Mitsubishi Montero Sport GLS,"PHP 650,000",jenny1290,Used
Chevrolet Tahoe LTZ not a Suburban Pajero Land Cruiser Patrol Expedition,"PHP 980,000",111sale,Used
toyota vios 2013,"PHP 325,000",olxph_766362704,Used
Ford F Series,"PHP 180,000",kiara_14,Used
Honda City,"PHP 360,000",docaj,Used
2018 Toyota Vios J Manual transmission *44,"PHP 485,000",may_toyotacars1223,Used
2018 Toyota FJ Cruiser 4x4 Automatic 7tkms Good Cars Cars,"PHP 1,770,000",goodcars123,Used
Toyota Avanza,"PHP 450,000",interciti.cagayan,Used
2016 Toyota Hiace Commuter Manual Diesel RARE CARS,"PHP 960,000",olxph_334352265,Used
Mitsubishi Montero Sport,"PHP 670,000",shellagarcia,Used
Rush 2013 Mitsubishi Montero Sport GLS-V 2.5 CRDI AT,"PHP 599,000",bencha_bencha,Used
Chevrolet Colorado,"PHP 900,000",diogago13,Used
2015 honda city vx automatic transmission,"PHP 480,000",suresh_21,Used
Honda City,"PHP 418,000",aprilgay13,Used
2018 Toyota Wigo G A/T,"PHP 408,000",pvmercadocartrading,Used
Suzuki Multicab Long Body FB Type 8 Seater By 4Wheels Motors Best Deal,"PHP 250,000",fourwheelsmotorsmulticabtrucks,Used
2018 Toyota Yaris 1.3 E Manual Transmission,"PHP 615,000",fatiesimbe,Used
Rush 2011 Mitsubishi Montero 25 CRDI GLS 5 Speed AT,"PHP 549,000",bencha_bencha,Used
Mitsubishi Adventure,"PHP 210,000",aiverick18,Used
Mitsubishi Montero Sport,"PHP 720,000",amieamul,Used
1k MILEAGE | 2019 CHEVROLET COLORADO LT 2.8 AT DIESEL,"PHP 908,000",nashumali,Used
2018 SUZUKI SUPER CARRY Manual White,"PHP 450,000",autoboutique,Used
2009 Toyota Fortuner G Automatic Diesel Good Cars Trading,"PHP 690,000",goodcars123,Used
Kia Carens,"PHP 530,000",gct88,Used
2015 Toyota Vios 1.3 E A/t,"PHP 430,000",msvtengco,Used
2003 Ford Escape 4x4 Automatic Fresh in and out Good Cars Trading,"PHP 250,000",goodcars123,Used
Mitsubishi Montero Sport 2009 GLS AT,"PHP 525,000",jayvidal,Used
2015 Kia Picanto EX Automatic 30tkms Good Cars Trading,"PHP 345,000",goodcars123,Used
2016 Toyota Hiace Commuter Manual Diesel RARE CARS,"PHP 960,000",olxph_334352265,Used
2018 Toyota Vios J Manual transmission *44,"PHP 485,000",may_toyotacars1223,Used
Ford Ecosport,"PHP 550,000",goodcars123,Used
Ford Ecosport,"PHP 620,000",goodcars123,Used
2011 Hyundai Santa Fe Automatic Diesel Good Cars Trading,"PHP 550,000",goodcars123,Used
Toyota Vios,"PHP 420,000",ennailacad,Used
Toyota Fortuner,"PHP 695,000",goodcars123,Used
2019 Innova 2.8 Touring Sport,"PHP 1,085,000",09176750603.neilcars88,Used
Rush 2013 Mitsubishi Montero Sport GLS-V 2.5 CRDI AT,"PHP 599,000",bencha_bencha,Used
Toyota Innova,"PHP 970,000",goodcars123,Used
Mitsubishi,"PHP 318,000",ryutaro_002,Used
Mitsubishi Adventure,"PHP 170,000",cabarlerenzo,Used
2018 Toyota Yaris 1.3 E Manual Transmission,"PHP 615,000",fatiesimbe,Used
Honda Jazz,"PHP 420,000",goodcars123,Used
PHP 125k DP!!! 2013 Honda City 1.5E Automatic Gas,"PHP 418,000",stephenq.allcarsmanila,Used
2015 honda city vx automatic transmission,"PHP 480,000",suresh_21,Used
2011 BMW 118D 30tkms! Automatic Diesel Push start Good Cars Trading,"PHP 848,000",goodcars123,Used
1997 Mitsubishi L300 fb 45tkms only manual diesel like new best buy,"PHP 195,000",olxph_923561888,Used
Hyundai Santa Fe,"PHP 555,000",kenjie1130,Used
1k MILEAGE | 2019 CHEVROLET COLORADO LT 2.8 AT DIESEL,"PHP 908,000",nashumali,Used
2014 Mitsubishi Montero GLX Automatic Diesel 39tkms Good Cars Trading,"PHP 790,000",goodcars123,Used
2014 Ford Fiesta S Ecoboost Push start Automatic Good Cars Trading,"PHP 370,000",goodcars123,Used
2013 Honda City Manual 37tkms only! Good Cars Trading,"PHP 398,000",goodcars123,Used
Honda City,"PHP 418,000",aprilgay13,Used
Hyundai Elantra,"PHP 550,000",olracrai,Used
2018 SUZUKI SUPER CARRY Manual White,"PHP 450,000",autoboutique,Used
2012 Honda Civic Automatic 1.8 S Good Cars Trading,"PHP 468,000",goodcars123,Used
2015 Toyota Vios E Manual,"PHP 388,000",mechico,Used
2013 Toyota Fortuner G VNT 4x2 Diesel same Mitsubishi Montero Ford Everest Isuzu MUX,"PHP 858,000",marcars_trading,Used
2010 Toyota Fortuner G 4x2 Matic Diesel RARE CARS,"PHP 689,000",olxph_334352265,Used
2018 Toyota Vios J Manual transmission *44,"PHP 485,000",may_toyotacars1223,Used
2003 Honda CRV Automatic Good Cars Trading,"PHP 320,000",goodcars123,Used
2018 Toyota Wigo G A/T,"PHP 408,000",pvmercadocartrading,Used
"2016 Ford Ecosport Trend AT gas P558,000üî•üî•üî• üëçCASH,BANK FINANCING, TRADE IN Sample Computation P167,400 dp 15,208 3years 12,392 4years *chattel and insurance not included","PHP 558,000",emilieansaldo,Used
Toyota Hilux,"PHP 890,000",sobarney,Used
2014 Honda Accord Top of the Line Push start Sunroof Good Cars Trading,"PHP 970,000",goodcars123,Used
2006 Mitsubishi Pajero Fieldmaster Automatic Diesel Good Cars Trading,"PHP 590,000",goodcars123,Used
2018 Toyota Yaris 1.3 E Manual Transmission,"PHP 615,000",fatiesimbe,Used
2015 Ford Ecosport Trend Automatic 28tkms only Good Cars Trading,"PHP 570,000",goodcars123,Used
Suzuki Multicab Long Body FB Type 8 Seater By 4Wheels Motors Best Deal,"PHP 250,000",fourwheelsmotorsmulticabtrucks,Used
Isuzu,"PHP 570,000",boyetski74,Used
Toyota Vios,"PHP 210,000",yahj_17,Used
Subaru XV 2.0i-S CVT PREMIUM AWD Automatic Paddle Shifter,"PHP 585,000",ding64,Used
1k MILEAGE | 2019 CHEVROLET COLORADO LT 2.8 AT DIESEL,"PHP 908,000",nashumali,Used
2012 BMW 118D Automatic Diesel 54tkms! Good Cars Trading,"PHP 920,000",goodcars123,Used
2010 Mitsubishi Adventure GLS Sport Fresh in and out Good Cars Trading,"PHP 420,000",goodcars123,Used
Subaru Forester,"PHP 670,000",goodcars123,Used
Rush 2011 Mitsubishi Montero 25 CRDI GLS 5 Speed AT,"PHP 549,000",bencha_bencha,Used
Toyota Fortuner,"PHP 820,000",goodcars123,Used
2018 SUZUKI SUPER CARRY Manual White,"PHP 450,000",autoboutique,Used
Suzuki Jimny,"PHP 268,000",monlee7592,Used
Toyota Avanza,"PHP 670,000",goodcars123,Used
Hyundai Starex,"PHP 830,000",goodcars123,Used
2009 Toyota Vios E Manual 79tkms Good Cars Trading,"PHP 290,000",goodcars123,Used
2018 Toyota Vios J Manual transmission *44,"PHP 485,000",may_toyotacars1223,Used
2018 Honda 1.6 CRV 9-speed Turbo S Diesel,"PHP 560,000",olxph_741051310,Used
Mitsubishi Montero Sport,"PHP 720,000",amieamul,Used
2013 Honda City 1.5E Automatic Gas,"PHP 418,000",allcarsmnl,Used
Nissan,"PHP 150,000",jpdifs,Used
2003 Ford Escape 4x4 Automatic Fresh in and out Good Cars Trading,"PHP 250,000",goodcars123,Used
RUSH 2007 Hyundai Getz 1.1L GL Manual,"PHP 160,000",benedictyuri,Used
2018 Toyota Yaris 1.3 E Manual Transmission,"PHP 615,000",fatiesimbe,Used
2015 Mitsubishi Adventure GLS Sport 68tkms Good Cars Trading,"PHP 540,000",goodcars123,Used
Kia Carens,"PHP 530,000",gct88,Used
Kia Rio,"PHP 320,000",jeanarada23,Used
Ford Escape,"PHP 200,000",vhemcad,Used
2011 BMW 118D 30tkms! Automatic Diesel Push start Good Cars Trading,"PHP 750,000",goodcars123,Used
1k MILEAGE | 2019 CHEVROLET COLORADO LT 2.8 AT DIESEL,"PHP 908,000",nashumali,Used
Nissan Frontier,"PHP 290,000",heinrichguerrero,Used
2016 Ford Ecosport Trend Automatic 34tkms! Good Cars Trading,"PHP 590,000",goodcars123,Used
2013 Honda City 1.5 E Automatic Gas,"PHP 418,000",nicofaustino,Used
2015 Toyota Vios 1.3 E A/t,"PHP 430,000",msvtengco,Used
Ford Fiesta,"PHP 260,000",goodcars123,Used
2018 SUZUKI SUPER CARRY Manual White,"PHP 450,000",autoboutique,Used
Isuzu Crosswind,"PHP 598,000",goodcars123,Used
2018 Toyota FJ Cruiser 4x4 Automatic 7tkms Good Cars Cars,"PHP 1,770,000",goodcars123,Used
Toyota RAV4,"PHP 450,000",goodcars123,Used
Honda City 2009 Automatic,"PHP 320,000",talensed,Used
2018 Toyota Vios J Manual transmission *44,"PHP 485,000",may_toyotacars1223,Used
2012 Ford Focus Automatic Diesel Good Cars Trading,"PHP 390,000",goodcars123,Used
Mitsubishi Montero Sport 2009 GLS AT,"PHP 525,000",jayvidal,Used
2019 Toyota Innova 2.8E Manual Silver,"PHP 990,000",julietsimbe,Used
Kia Soul,"PHP 328,000",bigmantradingbryan,Used
2012 Mitsubishi Montero 4x4 Black Rhino Mags 87tkms! Good Cars Trading,"PHP 770,000",goodcars123,Used
Assume balance car toyota hilux E 2019 or swap,"PHP 200,000",olxph_511620550,Used
2018 Toyota Yaris 1.3 E Manual Transmission,"PHP 615,000",fatiesimbe,Used
2005 Mitsubishi Pajero CK GLS 4x4 V6 80tkms only Automatic Gasoline,"PHP 550,000",goodcars123,Used
2019 Innova 2.8 Touring Sport,"PHP 1,085,000",09176750603.neilcars88,Used
2009 Mitsubishi Montero GLS Automatic,"PHP 588,000",nashumali,Used
2015 Isuzu XUV Automatic Diesel 53tkms Good Cars Trading,"PHP 720,000",goodcars123,Used
Honda City automatic,"PHP 295,000",olxph_433685303,Used
1k MILEAGE | 2019 CHEVROLET COLORADO LT 2.8 AT DIESEL,"PHP 908,000",nashumali,Used
Ford Ecosport,"PHP 2,000,000",mrmuncada,Used
Hyundai Accent,"PHP 340,000",rvm519,Used
Ford Everest,"PHP 800,000",sheila_sor,Used
Mitsubishi,"PHP 318,000",ryutaro_002,Used
Mitsubishi Pajero,"PHP 1,800,000",jrvvalles,Used
2018 SUZUKI SUPER CARRY Manual White,"PHP 450,000",autoboutique,Used
Mazda 2 AT Skyactiv,"PHP 590,000",fortich_grace,Used
2007 Mitsubishi L300 FB P320k Dual a/c,"PHP 320,000",lyndoncruz,Used
2016 Toyota Vios 1.3E automatic,"PHP 448,000",j.r.u,Used
2017 acquired Mitsubishi Montero Sport GT 4WD Limited,"PHP 1,248,000",mike_cebu,Used
2018 Toyota Vios J Manual transmission *44,"PHP 485,000",may_toyotacars1223,Used
Mitsubishi Montero Sport 2017 GLS Premium Automatic,"PHP 1,370,000",carempire,Used
PHP 125k DP!!! 2013 Honda City 1.5E Automatic Gas,"PHP 418,000",stephenq.allcarsmanila,Used
Mitsubishi Montero Sport,"PHP 660,000",nixma918,Used
Mitsubishi Montero,"PHP 1,198,000",dvo888,Used
Toyota Avanza,"PHP 380,000",weng463800,Used
Mazda 3,"PHP 250,000",jasongarrido,Used
2018 Toyota Yaris 1.3 E Manual Transmission,"PHP 615,000",fatiesimbe,Used
Toyota Vios,"PHP 250,000",olxph_632941467,Used
1997 Mitsubishi L300 fb 45tkms only manual diesel like new best buy,"PHP 195,000",olxph_923561888,Used
Toyota Avanza,"PHP 300,000",jorge_yuson,Used
Toyota Land Cruiser Prado,"PHP 3,273,000",toyota12345,Used
Mitsubishi Lancer,"PHP 175,000",jediforce19,Used
1k MILEAGE | 2019 CHEVROLET COLORADO LT 2.8 AT DIESEL,"PHP 908,000",nashumali,Used
Nissan March,"PHP 155,000",junpro123,Used
Hyundai Santa fe 4x4 crdi diesel santa fe 2012,"PHP 595,000",ugynsee,Used
Hyundai i10 2010,"PHP 195,000",rpabrogar143,Used
Hyundai Elantra,"PHP 550,000",olracrai,Used
RUSH 2017 Ford Ecosport AT Titanium,"PHP 550,000",oiminet,Used
2018 SUZUKI SUPER CARRY Manual White,"PHP 450,000",autoboutique,Used
Nissan Sentra gx ALLpower automatic 2010mdl,"PHP 198,000",zaldss,Used
Isuzu Crosswind,"PHP 285,000",albert2222,Used
Honda Jazz,"PHP 149,000",nominel,Used
Nissan Urvan,"PHP 350,000",bengalayon,Used
2018 Toyota Vios J Manual transmission *44,"PHP 485,000",may_toyotacars1223,Used
2018 Toyota Avanza 1.3E Manual Blue,"PHP 618,000",julietsimbe,Used
2013 Toyota Fortuner G VNT 4x2 Diesel same Mitsubishi Montero Ford Everest Isuzu MUX,"PHP 858,000",marcars_trading,Used
Kia Sportage,"PHP 460,000",franarva,Used
2013 Mitsubishi Montero Sport Diesel AT Under my Name,"PHP 686,000",jhontim,Used
Suzuki Ertiga,"PHP 615,000",olxph_534388881,Used
2011 Ford Escape XLT 4x2 Automatic Gas,"PHP 358,000",raffytelan,Used
2018 Toyota Yaris 1.3 E Manual Transmission,"PHP 615,000",fatiesimbe,Used
Nissan Navara,"PHP 810,000",lucaskimcaampued,Used
2010 Toyota Fortuner G 4x2 Matic Diesel RARE CARS,"PHP 689,000",olxph_334352265,Used
2020 Nissan NV350 Urvan 2.5L MT Van,"PHP 28,000",olxph_807224177,Used
Nissan Terra,"PHP 1,819,000",olxph_807224177,Used
2020 Nisaan NP300 Navara 2.5L EL 4x2 Calibre 7AT,"PHP 1,079,000",olxph_807224177,Used
1k MILEAGE | 2019 CHEVROLET COLORADO LT 2.8 AT DIESEL,"PHP 908,000",nashumali,Used
2018 Suzuki Ertiga 1.4L AUTOMATIC GRAB READY for price of 2017 2019 innova avanza adventure crosswind rush expander,"PHP 648,000",carlaneautosales,Used
"2015 Toyota Fortuner 2.7G VVTi 4x2 Automatic Gas Black Edition Showroom Price: Php 896,000 Online Price: Php 858,000 Financing Accepted Trade-in Accepted Financing Computation 30%DP: P 257,400 *Chattel Fee and Insurance NOT included","PHP 858,000",emilieansaldo,Used
Toyota Innova G 2012 Matic Gas Easy2Maintain LikeNew,"PHP 519,000",r1victor23,Used
"2016 Ford Ecosport Trend AT gas P558,000üî•üî•üî• üëçCASH,BANK FINANCING, TRADE IN Sample Computation P167,400 dp 15,208 3years 12,392 4years *chattel and insurance not included","PHP 558,000",emilieansaldo,Used
Mitsubishi Lancer,"PHP 35,000",princesspacoma,Used
2018 SUZUKI SUPER CARRY Manual White,"PHP 450,000",autoboutique,Used
Ford Ranger,"PHP 600,000",eightyninner89,Used
Mitsubishi Strada,"PHP 160,000",joshuazamora,Used
Toyota FJ Cruiser,"PHP 700,000",nellamae,Used
Honda Civic 2008 AT 18v RUSH 275k,"PHP 275,000",sdlog,Used
2018 Toyota Vios J Manual transmission *44,"PHP 485,000",may_toyotacars1223,Used
Kia Carnival 2011 Crdi Automatic,"PHP 475,000",ludwig82,Used
Isuzu,"PHP 570,000",boyetski74,Used
Chevrolet Optra,"PHP 189,000",angelesking,Used
Subaru Impreza 2008 FASTBREAK FASTBREAK,"PHP 350,000",chanoluxuria,Used
Ford Fiesta,"PHP 380,000",mdlco,Used
22k Orig ODO FORD CASA RECORDS 2015 Ford Expedition Platinum Ecoboost V6 Gas Automatic,"PHP 2,308,000",kevinugarte,Used
2018 Toyota Yaris 1.3 E Manual Transmission,"PHP 615,000",fatiesimbe,Used
2014 Nissan Navara GTX 4x4 Diesel Manual,"PHP 718,000",kevinugarte,Used
Toyota Vios,"PHP 210,000",yahj_17,Used
Toyota Altis 2005 matic 1.6E,"PHP 190,000",olxph_724853682,Used
"Php 16,688 ONLY! 2014 Chevrolet Trailblazer 4x2 LT Automatic Diesel 1 Day Financing Approval","PHP 768,000",kevinugarte,Used
Toyota Vios Automatic 1.3E,"PHP 350,000",1st.enterprise.inc,Used
1k MILEAGE | 2019 CHEVROLET COLORADO LT 2.8 AT DIESEL,"PHP 908,000",nashumali,Used
Toyota Corolla,"PHP 170,000",bhellangel,Used
2017 Toyota Fortuner 4x2 G Diesel Manual,"PHP 1,088,000",kevinugarte,Used
Isuzu MU-X,"PHP 865,000",olxph_938383372,Used
Suzuki Jimny,"PHP 268,000",monlee7592,Used
2014 Honda Accord 26t kms alt 2015 2016 camry civic rs crv rav4 forester fortuner montero,"PHP 850,000",peter09165089910,Used
2018 SUZUKI SUPER CARRY Manual White,"PHP 450,000",autoboutique,Used
Toyota Corolla GLI automatic financing ok,"PHP 140,000",olxph_926875144,Used
2018 Toyota Altis 1.6 V Automatic Black,"PHP 880,000",jamesbucaneg,Used
Mitsubishi Strada Vs HiLux Navara Ranger,"PHP 698,000",kotsemar2,Used
Toyota Corolla gli automatic financing ok,"PHP 135,000",09178019397,Used
2018 Toyota Vios J Manual transmission *44,"PHP 485,000",may_toyotacars1223,Used
Toyota Corolla,"PHP 130,000",geroasc,Used
2018 Honda 1.6 CRV 9-speed Turbo S Diesel,"PHP 560,000",olxph_741051310,Used
"Php 25,052 ONLY! 2017 Toyota Fortuner 4x2 G Diesel Manual 1 Day Financing Approval","PHP 1,088,000",kevinugarte,Used
Toyota Hilux,"PHP 500,000",raygergabe,Used
"Php 13,429 ONLY! 2015 Honda Civic 1.8 FB2 Automatic Gas 1 Day Financing Approval","PHP 618,000",kevinugarte,Used
Hyundai H100,"PHP 390,000",drian25,Used
2018 Toyota Yaris 1.3 E Manual Transmission,"PHP 615,000",fatiesimbe,Used
Toyota Yaris 2016 1.5 G Automatic TOP OF THE LINE NOTHING TO FIX LOW DO LOW MONTHLY,"PHP 508,000",kevinugarte,Used
Ford Escape,"PHP 200,000",vhemcad,Used
Toyota Corolla,"PHP 110,000",tcanolin,Used
2010 Isuzu Crosswind Sportivo,"PHP 498,000",mechico,Used
Kia Carnival 2017 11 Seaters Diesel Automatic 15k MILEAGE LIKE NEWLY,"PHP 1,558,000",kevinugarte,Used
1k MILEAGE | 2019 CHEVROLET COLORADO LT 2.8 AT DIESEL,"PHP 908,000",nashumali,Used
Ford F Series,"PHP 250,000",dan_ding,Used
"Honda CR-V 2017 4WD Gas Automatic 287k DP 21k/Month 1 Day Financing Approval Trb, MayBank, Security Bank, Sterling Bank, Malayan Bank, Asialink","PHP 958,000",kevinugarte,Used
2019's Hyundai Eon,"PHP 298,000",odickvillanueva,Used
Nissan Frontier,"PHP 290,000",heinrichguerrero,Used
Toyota Avanza,"PHP 180,000",melissamonte,Used
2018 SUZUKI SUPER CARRY Manual White,"PHP 450,000",autoboutique,Used
Suzuki Multicab,"PHP 145,000",axlabellanosa,Used
Hyundai Eon,"PHP 200,000",genelynjavier,Used
Nissan Frontier,"PHP 240,000",weng_roweng,Used
Mitsubishi Adventur SUPER SPORT,"PHP 360,000",jedpin,Used
2018 Toyota Vios J Manual transmission *44,"PHP 485,000",may_toyotacars1223,Used
2016 Nissan Calibre,"PHP 665,000",lapuzbry,Used
2013 Honda City 1.5 E Automatic Gas,"PHP 418,000",nicofaustino,Used
Suzuki Vitara,"PHP 150,000",gwenettel,Used
"Php 13,429 ONLY! 2015 Honda Civic 1.8 FB2 Automatic Gas 1 Day Financing Approval","PHP 618,000",kevinugarte,Used
Toyota Vios,"PHP 280,000",kingpenz11,Used
2017 Corolla Altis 1.6 V Automatic Gray,"PHP 785,000",jenvicente79,Used
2018 Toyota Yaris 1.3 E Manual Transmission,"PHP 615,000",fatiesimbe,Used
Honda Civic LXI,"PHP 150,000",prelovedbyshanelovebela,Used
Honda City 2009 Automatic,"PHP 320,000",talensed,Used
