Iphone11 11Pro 11Promax,"PHP 42,500",chiemobile,New
Samsung Note10 Note10Plus S10 S10Plus,"PHP 39,000",chiemobile,New
Iphone 6,"PHP 2,500",atueljuncel,Used
Samsung galaxy A10s 2019,"PHP 6,000",randelbriones990,Used
Free shipping! Apple airpods,"PHP 4,300",allstuffshop,Used
iPhone XSmax case,PHP 200,mydz0724,New
Iphone 6,"PHP 3,200",ibreezy,Used
Oppo F1s Gold,"PHP 3,500",zinu17522,Used
XIAOMI MI PAD 4,"PHP 7,999",00seller00,Used
TNT By Smart Special Numbers Vanity Sim Cards (High End),"PHP 5,000",riocomputers,New
Iphone xs max,"PHP 37,000",jamesbiadno_23_1997,Used
IPHONE XS MAX 256GB,"PHP 51,999",olxph_395082187,Used
I phone 7 Color Matte Black 128GB,"PHP 12,900",daymdipatuan,Used
Cherry Mobile Flare 4,"PHP 1,999",barbie25maria,Used
Iphone 7 Softbank locked 128GB,"PHP 8,500",king61383,Used
iPhone XSmax case,PHP 200,mydz0724,New
iphone 11 pro max green yellow,"PHP 43,500",ajtgadgetworld,New
iPhone X 64gb Factory Unlock,"PHP 27,000",kenzo091698,Used
Iphone X smart lock 64g,"PHP 28,000",nikkaloy_23,Used
Samsung A50 ntc dual opemline complete under warranty all color,"PHP 10,299",philgadget2014,Used
One plus 7 ' 7pro,"PHP 25,500",ashleylyn02,New
iPhone XS Max 256gb Gold,"PHP 43,500",langsters_09991032337,Used
basa muna bago offer,"PHP 999,999",olxph_597068338,Used
iPhone 7/8 plus Silicone Case,PHP 350,ashley010,Used
Iphone11 11Pro 11Promax,"PHP 42,500",chiemobile,New
Samsung Note10 Note10Plus S10 S10Plus,"PHP 39,000",chiemobile,New
Iphone 6,"PHP 2,500",atueljuncel,Used
Samsung galaxy A10s 2019,"PHP 6,000",randelbriones990,Used
Free shipping! Apple airpods,"PHP 4,300",allstuffshop,Used
iPhone XSmax case,PHP 200,mydz0724,New
Iphone 6,"PHP 3,200",ibreezy,Used
Oppo F1s Gold,"PHP 3,500",zinu17522,Used
XIAOMI MI PAD 4,"PHP 7,999",00seller00,Used
TNT By Smart Special Numbers Vanity Sim Cards (High End),"PHP 5,000",riocomputers,New
Iphone xs max,"PHP 37,000",jamesbiadno_23_1997,Used
IPHONE XS MAX 256GB,"PHP 51,999",olxph_395082187,Used
I phone 7 Color Matte Black 128GB,"PHP 12,900",daymdipatuan,Used
Cherry Mobile Flare 4,"PHP 1,999",barbie25maria,Used
Iphone 7 Softbank locked 128GB,"PHP 8,500",king61383,Used
iPhone XSmax case,PHP 200,mydz0724,New
iphone 11 pro max green yellow,"PHP 43,500",ajtgadgetworld,New
iPhone X 64gb Factory Unlock,"PHP 27,000",kenzo091698,Used
Iphone X smart lock 64g,"PHP 28,000",nikkaloy_23,Used
Samsung A50 ntc dual opemline complete under warranty all color,"PHP 10,299",philgadget2014,Used
One plus 7 ' 7pro,"PHP 25,500",ashleylyn02,New
iPhone XS Max 256gb Gold,"PHP 43,500",langsters_09991032337,Used
basa muna bago offer,"PHP 999,999",olxph_597068338,Used
iPhone 7/8 plus Silicone Case,PHP 350,ashley010,Used
Iphone11 11Pro 11Promax,"PHP 42,500",chiemobile,New
Samsung Note10 Note10Plus S10 S10Plus,"PHP 39,000",chiemobile,New
Xperia XA 16GB Rosegold,"PHP 2,400",zinu17522,Used
Iphone X 256gb,"PHP 28,000",juannderlust,Used
GALAXY FIT,"PHP 4,300",bri31,New
Iphone x smartlocked,"PHP 28,000",leon06,Used
Huawei P30 lite,"PHP 9,500",khirkrafer3962,Used
iPhone 7plus,"PHP 13,000",zel88,Used
I phone 7 Color Matte Black 128GB,"PHP 12,900",daymdipatuan,Used
TNT By Smart Special Numbers Vanity Sim Cards (High End),"PHP 5,000",riocomputers,New
7+ 32gb,"PHP 14,000",abo.queen,Used
Cherry Mobile Revel,PHP 700,roseandpaulcolexion,Used
iPhone 7 plus / 8 plus Silicone Case,PHP 50,jose.dionne,New
iPhone 7 plus 32gb FU,"PHP 13,500",mobilelegendsmythic,Used
JAGUAR POWERBANK 10050 mAh,PHP 300,teacherrina,Used
iPhone 6 Plus,"PHP 5,000",petite_ela,Used
Iphone 7 Softbank locked 128GB,"PHP 8,500",king61383,Used
Iphone 8 Plus,"PHP 24,000",ririgalore,Used
iPhone X 64GB Factory Unlocked (2units available),"PHP 24,000",christianmarcos8,Used
Iphone11 11Pro 11ProMax S10+ Note9 Note10 Note10+,"PHP 42,500",chiemobile,New
One plus 7 ' 7pro,"PHP 25,500",ashleylyn02,New
Otterbox Defender for iPhone 8 Plus and 7 Plus,"PHP 1,500",olxph_724845834,New
Telego wise 3,PHP 500,yzah_mistranza,Used
iPhone XS Max Gold Globe locked,"PHP 42,000",melalianec,Used
Iphone11 11Pro 11Promax,"PHP 42,500",chiemobile,New
Samsung Note10 Note10Plus S10 S10Plus,"PHP 39,000",chiemobile,New
Iphone 6,"PHP 2,500",atueljuncel,Used
Samsung galaxy A10s 2019,"PHP 6,000",randelbriones990,Used
Free shipping! Apple airpods,"PHP 4,300",allstuffshop,Used
iPhone XSmax case,PHP 200,mydz0724,New
Iphone 6,"PHP 3,200",ibreezy,Used
Oppo F1s Gold,"PHP 3,500",zinu17522,Used
XIAOMI MI PAD 4,"PHP 7,999",00seller00,Used
TNT By Smart Special Numbers Vanity Sim Cards (High End),"PHP 5,000",riocomputers,New
Iphone xs max,"PHP 37,000",jamesbiadno_23_1997,Used
IPHONE XS MAX 256GB,"PHP 51,999",olxph_395082187,Used
I phone 7 Color Matte Black 128GB,"PHP 12,900",daymdipatuan,Used
Cherry Mobile Flare 4,"PHP 1,999",barbie25maria,Used
Iphone 7 Softbank locked 128GB,"PHP 8,500",king61383,Used
iPhone XSmax case,PHP 200,mydz0724,New
iphone 11 pro max green yellow,"PHP 43,500",ajtgadgetworld,New
iPhone X 64gb Factory Unlock,"PHP 27,000",kenzo091698,Used
Iphone X smart lock 64g,"PHP 28,000",nikkaloy_23,Used
Samsung A50 ntc dual opemline complete under warranty all color,"PHP 10,299",philgadget2014,Used
One plus 7 ' 7pro,"PHP 25,500",ashleylyn02,New
iPhone XS Max 256gb Gold,"PHP 43,500",langsters_09991032337,Used
basa muna bago offer,"PHP 999,999",olxph_597068338,Used
iPhone 7/8 plus Silicone Case,PHP 350,ashley010,Used
Iphone11 11Pro 11Promax,"PHP 42,500",chiemobile,New
Samsung Note10 Note10Plus S10 S10Plus,"PHP 39,000",chiemobile,New
Xperia XA 16GB Rosegold,"PHP 2,400",zinu17522,Used
Iphone X 256gb,"PHP 28,000",juannderlust,Used
GALAXY FIT,"PHP 4,300",bri31,New
Iphone x smartlocked,"PHP 28,000",leon06,Used
Huawei P30 lite,"PHP 9,500",khirkrafer3962,Used
iPhone 7plus,"PHP 13,000",zel88,Used
I phone 7 Color Matte Black 128GB,"PHP 12,900",daymdipatuan,Used
TNT By Smart Special Numbers Vanity Sim Cards (High End),"PHP 5,000",riocomputers,New
7+ 32gb,"PHP 14,000",abo.queen,Used
Cherry Mobile Revel,PHP 700,roseandpaulcolexion,Used
iPhone 7 plus / 8 plus Silicone Case,PHP 50,jose.dionne,New
iPhone 7 plus 32gb FU,"PHP 13,500",mobilelegendsmythic,Used
JAGUAR POWERBANK 10050 mAh,PHP 300,teacherrina,Used
iPhone 6 Plus,"PHP 5,000",petite_ela,Used
Iphone 7 Softbank locked 128GB,"PHP 8,500",king61383,Used
Iphone 8 Plus,"PHP 24,000",ririgalore,Used
iPhone X 64GB Factory Unlocked (2units available),"PHP 24,000",christianmarcos8,Used
Iphone11 11Pro 11ProMax S10+ Note9 Note10 Note10+,"PHP 42,500",chiemobile,New
One plus 7 ' 7pro,"PHP 25,500",ashleylyn02,New
Otterbox Defender for iPhone 8 Plus and 7 Plus,"PHP 1,500",olxph_724845834,New
Telego wise 3,PHP 500,yzah_mistranza,Used
iPhone XS Max Gold Globe locked,"PHP 42,000",melalianec,Used
Apple iphone 11 pro max,"PHP 59,500",wesleyayala,New
iPhone 6 64GB,"PHP 7,500",zarsi,Used
Iphone SE 32gb brandnew,"PHP 12,500",geraldinebb,New
Iphone11 11Pro 11Promax,"PHP 42,500",chiemobile,New
Iphone 7 plus 256gb FU,"PHP 19,000",geremiaa,Used
Iphone X 64gb,"PHP 27,000",iphoneforsale27,Used
IPHONE 6S PLUS GREAT CONDITION,"PHP 12,500",march_anne,Used
Iphone x smartlocked,"PHP 28,000",leon06,Used
Rush po iphone 7,"PHP 9,000",jennylyn38,Used
Samsung Note10 Note10Plus S10 S10Plus,"PHP 39,000",chiemobile,New
Xiaomi Redmi Note 7,"PHP 11,400",abriljaninenavarro,New
iPhone 6s 64gb FACTORY UNLOCKED,"PHP 8,999",ktmilab,Used
iPhone 6Plus 64gb Pricedrop,"PHP 9,350",ktmilab,Used
iPhone 6sPlus 64gb Factory Unlocked,"PHP 11,999",ktmilab,Used
TNT By Smart Special Numbers Vanity Sim Cards (High End),"PHP 5,000",riocomputers,New
OPPO A3S (DARK PURPLE),"PHP 3,900",jess1824,Used
Huawei P30 lite,"PHP 9,500",khirkrafer3962,Used
Iphone x,"PHP 29,500",airenemallillin,Used
iPhone7+ Rosegold 32gb,"PHP 16,000",aceeey,Used
Ipad air 2 16gb cellular,"PHP 11,500",sebby025,Used
Rush Sale/Swap,"PHP 3,700",eiyadaine,Used
One plus 7 ' 7pro,"PHP 25,500",ashleylyn02,New
IPAD AIR 2 16gb,"PHP 8,000",josetiquijr,Used
iPhone 7plus,"PHP 13,000",zel88,Used
Iphone11 11Pro 11Promax,"PHP 42,500",chiemobile,New
Samsung Note10 Note10Plus S10 S10Plus,"PHP 39,000",chiemobile,New
Iphone 6,"PHP 2,500",atueljuncel,Used
Samsung galaxy A10s 2019,"PHP 6,000",randelbriones990,Used
Free shipping! Apple airpods,"PHP 4,300",allstuffshop,Used
iPhone XSmax case,PHP 200,mydz0724,New
Iphone 6,"PHP 3,200",ibreezy,Used
Oppo F1s Gold,"PHP 3,500",zinu17522,Used
XIAOMI MI PAD 4,"PHP 7,999",00seller00,Used
TNT By Smart Special Numbers Vanity Sim Cards (High End),"PHP 5,000",riocomputers,New
Iphone xs max,"PHP 37,000",jamesbiadno_23_1997,Used
IPHONE XS MAX 256GB,"PHP 51,999",olxph_395082187,Used
I phone 7 Color Matte Black 128GB,"PHP 12,900",daymdipatuan,Used
Cherry Mobile Flare 4,"PHP 1,999",barbie25maria,Used
Iphone 7 Softbank locked 128GB,"PHP 8,500",king61383,Used
iPhone XSmax case,PHP 200,mydz0724,New
iphone 11 pro max green yellow,"PHP 43,500",ajtgadgetworld,New
iPhone X 64gb Factory Unlock,"PHP 27,000",kenzo091698,Used
Iphone X smart lock 64g,"PHP 28,000",nikkaloy_23,Used
Samsung A50 ntc dual opemline complete under warranty all color,"PHP 10,299",philgadget2014,Used
One plus 7 ' 7pro,"PHP 25,500",ashleylyn02,New
iPhone XS Max 256gb Gold,"PHP 43,500",langsters_09991032337,Used
basa muna bago offer,"PHP 999,999",olxph_597068338,Used
iPhone 7/8 plus Silicone Case,PHP 350,ashley010,Used
Iphone11 11Pro 11Promax,"PHP 42,500",chiemobile,New
Samsung Note10 Note10Plus S10 S10Plus,"PHP 39,000",chiemobile,New
Xperia XA 16GB Rosegold,"PHP 2,400",zinu17522,Used
Iphone X 256gb,"PHP 28,000",juannderlust,Used
GALAXY FIT,"PHP 4,300",bri31,New
Iphone x smartlocked,"PHP 28,000",leon06,Used
Huawei P30 lite,"PHP 9,500",khirkrafer3962,Used
iPhone 7plus,"PHP 13,000",zel88,Used
I phone 7 Color Matte Black 128GB,"PHP 12,900",daymdipatuan,Used
TNT By Smart Special Numbers Vanity Sim Cards (High End),"PHP 5,000",riocomputers,New
7+ 32gb,"PHP 14,000",abo.queen,Used
Cherry Mobile Revel,PHP 700,roseandpaulcolexion,Used
iPhone 7 plus / 8 plus Silicone Case,PHP 50,jose.dionne,New
iPhone 7 plus 32gb FU,"PHP 13,500",mobilelegendsmythic,Used
JAGUAR POWERBANK 10050 mAh,PHP 300,teacherrina,Used
iPhone 6 Plus,"PHP 5,000",petite_ela,Used
Iphone 7 Softbank locked 128GB,"PHP 8,500",king61383,Used
Iphone 8 Plus,"PHP 24,000",ririgalore,Used
iPhone X 64GB Factory Unlocked (2units available),"PHP 24,000",christianmarcos8,Used
Iphone11 11Pro 11ProMax S10+ Note9 Note10 Note10+,"PHP 42,500",chiemobile,New
One plus 7 ' 7pro,"PHP 25,500",ashleylyn02,New
Otterbox Defender for iPhone 8 Plus and 7 Plus,"PHP 1,500",olxph_724845834,New
Telego wise 3,PHP 500,yzah_mistranza,Used
iPhone XS Max Gold Globe locked,"PHP 42,000",melalianec,Used
Apple iphone 11 pro max,"PHP 59,500",wesleyayala,New
iPhone 6 64GB,"PHP 7,500",zarsi,Used
Iphone SE 32gb brandnew,"PHP 12,500",geraldinebb,New
Iphone11 11Pro 11Promax,"PHP 42,500",chiemobile,New
Iphone 7 plus 256gb FU,"PHP 19,000",geremiaa,Used
Iphone X 64gb,"PHP 27,000",iphoneforsale27,Used
IPHONE 6S PLUS GREAT CONDITION,"PHP 12,500",march_anne,Used
Iphone x smartlocked,"PHP 28,000",leon06,Used
Rush po iphone 7,"PHP 9,000",jennylyn38,Used
Samsung Note10 Note10Plus S10 S10Plus,"PHP 39,000",chiemobile,New
Xiaomi Redmi Note 7,"PHP 11,400",abriljaninenavarro,New
iPhone 6s 64gb FACTORY UNLOCKED,"PHP 8,999",ktmilab,Used
iPhone 6Plus 64gb Pricedrop,"PHP 9,350",ktmilab,Used
iPhone 6sPlus 64gb Factory Unlocked,"PHP 11,999",ktmilab,Used
TNT By Smart Special Numbers Vanity Sim Cards (High End),"PHP 5,000",riocomputers,New
OPPO A3S (DARK PURPLE),"PHP 3,900",jess1824,Used
Huawei P30 lite,"PHP 9,500",khirkrafer3962,Used
Iphone x,"PHP 29,500",airenemallillin,Used
iPhone7+ Rosegold 32gb,"PHP 16,000",aceeey,Used
Ipad air 2 16gb cellular,"PHP 11,500",sebby025,Used
Rush Sale/Swap,"PHP 3,700",eiyadaine,Used
One plus 7 ' 7pro,"PHP 25,500",ashleylyn02,New
IPAD AIR 2 16gb,"PHP 8,000",josetiquijr,Used
iPhone 7plus,"PHP 13,000",zel88,Used
iPhone 6s Plus 64gb Rosegold,"PHP 14,500",hddelacruz,Used
OPPO A3S,"PHP 3,500",kalnhanny,Used
Oppo A3s red,"PHP 3,800",prt.mqchu,Used
Iphone11 11Pro 11Promax,"PHP 42,500",chiemobile,New
IPHONE 8 PLUS 64GB smartlocked,"PHP 21,000",xian1526,Used
Iphone 7plus matte black 32gb,"PHP 16,000",chictreasures2,Used
Oppo A9 2020,"PHP 12,500",jigcastrorivera.gt,New
Iphone X 64gb,"PHP 27,000",iphoneforsale27,Used
Ipad air 2 32gb wifi+ cellular,"PHP 10,000",arjunrathoreak900,Used
Samsung Note10 Note10Plus S10 S10Plus,"PHP 39,000",chiemobile,New
iPad Air 1 128gb wifi+cellular,"PHP 13,000",ronnie0115,Used
External Hard Drive Case,PHP 550,winpao,New
IPOD TOUCH 6TH GEN 32GB,"PHP 3,300",blrqnd,Used
Iphone 7 plus,"PHP 13,999",olxph_447438754,Used
TNT By Smart Special Numbers Vanity Sim Cards (High End),"PHP 5,000",riocomputers,New
ipad air 2 64gb wifi,"PHP 11,500",renn24,Used
Rush po iphone 7,"PHP 9,000",jennylyn38,Used
iPad Pro 11 inch 12.9,"PHP 38,000",ajtgadgetworld,New
Apple iphone 6s plus 64gb,"PHP 12,000",danyboy,Used
Apple IPad Air 2,"PHP 11,000",ckcf_boutique,Used
Apple Lightning Connector,PHP 400,jenggg_,New
One plus 7 ' 7pro,"PHP 25,500",ashleylyn02,New
Iphone 11 Pro Max 256GB FactoryUnlocked,"PHP 76,990",soy.rodriguez2395,New
OPPO A3S (DARK PURPLE),"PHP 3,900",jess1824,Used
Iphone11 11Pro 11Promax,"PHP 42,500",chiemobile,New
Samsung Note10 Note10Plus S10 S10Plus,"PHP 39,000",chiemobile,New
Iphone 6,"PHP 2,500",atueljuncel,Used
Samsung galaxy A10s 2019,"PHP 6,000",randelbriones990,Used
Free shipping! Apple airpods,"PHP 4,300",allstuffshop,Used
iPhone XSmax case,PHP 200,mydz0724,New
Iphone 6,"PHP 3,200",ibreezy,Used
Oppo F1s Gold,"PHP 3,500",zinu17522,Used
XIAOMI MI PAD 4,"PHP 7,999",00seller00,Used
TNT By Smart Special Numbers Vanity Sim Cards (High End),"PHP 5,000",riocomputers,New
Iphone xs max,"PHP 37,000",jamesbiadno_23_1997,Used
IPHONE XS MAX 256GB,"PHP 51,999",olxph_395082187,Used
I phone 7 Color Matte Black 128GB,"PHP 12,900",daymdipatuan,Used
Cherry Mobile Flare 4,"PHP 1,999",barbie25maria,Used
Iphone 7 Softbank locked 128GB,"PHP 8,500",king61383,Used
iPhone XSmax case,PHP 200,mydz0724,New
iphone 11 pro max green yellow,"PHP 43,500",ajtgadgetworld,New
iPhone X 64gb Factory Unlock,"PHP 27,000",kenzo091698,Used
Iphone X smart lock 64g,"PHP 28,000",nikkaloy_23,Used
Samsung A50 ntc dual opemline complete under warranty all color,"PHP 10,299",philgadget2014,Used
One plus 7 ' 7pro,"PHP 25,500",ashleylyn02,New
iPhone XS Max 256gb Gold,"PHP 43,500",langsters_09991032337,Used
basa muna bago offer,"PHP 999,999",olxph_597068338,Used
iPhone 7/8 plus Silicone Case,PHP 350,ashley010,Used
Iphone11 11Pro 11Promax,"PHP 42,500",chiemobile,New
Samsung Note10 Note10Plus S10 S10Plus,"PHP 39,000",chiemobile,New
Xperia XA 16GB Rosegold,"PHP 2,400",zinu17522,Used
Iphone X 256gb,"PHP 28,000",juannderlust,Used
GALAXY FIT,"PHP 4,300",bri31,New
Iphone x smartlocked,"PHP 28,000",leon06,Used
Huawei P30 lite,"PHP 9,500",khirkrafer3962,Used
iPhone 7plus,"PHP 13,000",zel88,Used
I phone 7 Color Matte Black 128GB,"PHP 12,900",daymdipatuan,Used
TNT By Smart Special Numbers Vanity Sim Cards (High End),"PHP 5,000",riocomputers,New
7+ 32gb,"PHP 14,000",abo.queen,Used
Cherry Mobile Revel,PHP 700,roseandpaulcolexion,Used
iPhone 7 plus / 8 plus Silicone Case,PHP 50,jose.dionne,New
iPhone 7 plus 32gb FU,"PHP 13,500",mobilelegendsmythic,Used
JAGUAR POWERBANK 10050 mAh,PHP 300,teacherrina,Used
iPhone 6 Plus,"PHP 5,000",petite_ela,Used
Iphone 7 Softbank locked 128GB,"PHP 8,500",king61383,Used
Iphone 8 Plus,"PHP 24,000",ririgalore,Used
iPhone X 64GB Factory Unlocked (2units available),"PHP 24,000",christianmarcos8,Used
Iphone11 11Pro 11ProMax S10+ Note9 Note10 Note10+,"PHP 42,500",chiemobile,New
One plus 7 ' 7pro,"PHP 25,500",ashleylyn02,New
Otterbox Defender for iPhone 8 Plus and 7 Plus,"PHP 1,500",olxph_724845834,New
Telego wise 3,PHP 500,yzah_mistranza,Used
iPhone XS Max Gold Globe locked,"PHP 42,000",melalianec,Used
Apple iphone 11 pro max,"PHP 59,500",wesleyayala,New
iPhone 6 64GB,"PHP 7,500",zarsi,Used
Iphone SE 32gb brandnew,"PHP 12,500",geraldinebb,New
Iphone11 11Pro 11Promax,"PHP 42,500",chiemobile,New
Iphone 7 plus 256gb FU,"PHP 19,000",geremiaa,Used
Iphone X 64gb,"PHP 27,000",iphoneforsale27,Used
IPHONE 6S PLUS GREAT CONDITION,"PHP 12,500",march_anne,Used
Iphone x smartlocked,"PHP 28,000",leon06,Used
Rush po iphone 7,"PHP 9,000",jennylyn38,Used
Samsung Note10 Note10Plus S10 S10Plus,"PHP 39,000",chiemobile,New
Xiaomi Redmi Note 7,"PHP 11,400",abriljaninenavarro,New
iPhone 6s 64gb FACTORY UNLOCKED,"PHP 8,999",ktmilab,Used
iPhone 6Plus 64gb Pricedrop,"PHP 9,350",ktmilab,Used
iPhone 6sPlus 64gb Factory Unlocked,"PHP 11,999",ktmilab,Used
TNT By Smart Special Numbers Vanity Sim Cards (High End),"PHP 5,000",riocomputers,New
OPPO A3S (DARK PURPLE),"PHP 3,900",jess1824,Used
Huawei P30 lite,"PHP 9,500",khirkrafer3962,Used
Iphone x,"PHP 29,500",airenemallillin,Used
iPhone7+ Rosegold 32gb,"PHP 16,000",aceeey,Used
Ipad air 2 16gb cellular,"PHP 11,500",sebby025,Used
Rush Sale/Swap,"PHP 3,700",eiyadaine,Used
One plus 7 ' 7pro,"PHP 25,500",ashleylyn02,New
IPAD AIR 2 16gb,"PHP 8,000",josetiquijr,Used
iPhone 7plus,"PHP 13,000",zel88,Used
iPhone 6s Plus 64gb Rosegold,"PHP 14,500",hddelacruz,Used
OPPO A3S,"PHP 3,500",kalnhanny,Used
Oppo A3s red,"PHP 3,800",prt.mqchu,Used
Iphone11 11Pro 11Promax,"PHP 42,500",chiemobile,New
IPHONE 8 PLUS 64GB smartlocked,"PHP 21,000",xian1526,Used
Iphone 7plus matte black 32gb,"PHP 16,000",chictreasures2,Used
Oppo A9 2020,"PHP 12,500",jigcastrorivera.gt,New
Iphone X 64gb,"PHP 27,000",iphoneforsale27,Used
Ipad air 2 32gb wifi+ cellular,"PHP 10,000",arjunrathoreak900,Used
Samsung Note10 Note10Plus S10 S10Plus,"PHP 39,000",chiemobile,New
iPad Air 1 128gb wifi+cellular,"PHP 13,000",ronnie0115,Used
External Hard Drive Case,PHP 550,winpao,New
IPOD TOUCH 6TH GEN 32GB,"PHP 3,300",blrqnd,Used
Iphone 7 plus,"PHP 13,999",olxph_447438754,Used
TNT By Smart Special Numbers Vanity Sim Cards (High End),"PHP 5,000",riocomputers,New
ipad air 2 64gb wifi,"PHP 11,500",renn24,Used
Rush po iphone 7,"PHP 9,000",jennylyn38,Used
iPad Pro 11 inch 12.9,"PHP 38,000",ajtgadgetworld,New
Apple iphone 6s plus 64gb,"PHP 12,000",danyboy,Used
Apple IPad Air 2,"PHP 11,000",ckcf_boutique,Used
Apple Lightning Connector,PHP 400,jenggg_,New
One plus 7 ' 7pro,"PHP 25,500",ashleylyn02,New
Iphone 11 Pro Max 256GB FactoryUnlocked,"PHP 76,990",soy.rodriguez2395,New
OPPO A3S (DARK PURPLE),"PHP 3,900",jess1824,Used
iPad Mini 16gb,"PHP 4,000",pureprojects,Used
IPad 2,"PHP 5,000",cardoxbungo,Used
IPAD MINI 4 ðŸ“±,"PHP 9,500",anneanne29,Used
Iphone11 11Pro 11Promax,"PHP 42,500",chiemobile,New
IPAD MINI 4 (64gb),"PHP 14,500",miasario,Used
Ipad mini 4,"PHP 13,500",elyssashop,Used
Ipad pro with smart folio and apple pencil,"PHP 54,000",tepen18,Used
Ipad air 2 16gb cellular,"PHP 11,500",sebby025,Used
Ipad mini 3,"PHP 5,000",josejewelamorales,Used
Samsung Note10 Note10Plus S10 S10Plus,"PHP 39,000",chiemobile,New
IPAD mini 2 32gb,"PHP 7,000",ms.apriloh,Used
Ipad mini 4,"PHP 13,000",keviiiinnn,Used
Monopod,PHP 50,stuffbuddy,Used
(FOR SWAP) VIVO Y53,PHP 500,mariacams,Used
TNT By Smart Special Numbers Vanity Sim Cards (High End),"PHP 5,000",riocomputers,New
ipad air 2 16gb wifi gold,"PHP 9,500",djunevien06,Used
IPAD AIR 2 16gb,"PHP 8,000",josetiquijr,Used
2 units iPhone X 64gb Factory Unlocked,"PHP 24,500",christianmarcos8,Used
IPHONE XS MAX 256gb,"PHP 60,000",ajlizardo,Used
sim cards for sale,PHP 59,bluegirl1620,New
Apple iPhone X 64gb factory unlocked issue,"PHP 22,000",szekan1983,Used
One plus 7 ' 7pro,"PHP 25,500",ashleylyn02,New
RUSH - iPhone 7 32gb Black,"PHP 12,500",jheannelle.felipe,Used
OPPO A3S,"PHP 3,500",kalnhanny,Used
